2017-03-14 17:01:59:990,0.2491,-0.0747,-0.8514,68,0,27.1
2017-03-14 17:02:00:000,0.2571,-0.0668,-0.8514,68,0,27.1
2017-03-14 17:02:00:010,0.2491,-0.0510,-0.8672,68,0,27.1
2017-03-14 17:02:00:020,0.2652,-0.0430,-0.8277,68,0,27.1
2017-03-14 17:02:00:030,0.2571,-0.0826,-0.8435,68,0,27.1
2017-03-14 17:02:00:040,0.2813,-0.0747,-0.8593,68,0,27.1
2017-03-14 17:02:00:050,0.2732,-0.0747,-0.8435,68,0,27.1
2017-03-14 17:02:00:060,0.2973,-0.0905,-0.8277,68,0,27.1
2017-03-14 17:02:00:070,0.3134,-0.0668,-0.8514,68,0,27.1
2017-03-14 17:02:00:080,0.2893,-0.0826,-0.8593,68,0,27.1
2017-03-14 17:02:00:090,0.2813,-0.0589,-0.8435,68,0,27.1
2017-03-14 17:02:00:100,0.2652,-0.0984,-0.8514,68,0,27.1
2017-03-14 17:02:00:110,0.2571,-0.0747,-0.8751,68,0,27.1
2017-03-14 17:02:00:120,0.2491,-0.0747,-0.8672,68,0,27.1
2017-03-14 17:02:00:130,0.2652,-0.0826,-0.8672,68,0,27.1
2017-03-14 17:02:00:140,0.2893,-0.0589,-0.8751,68,0,27.1
2017-03-14 17:02:00:150,0.2652,-0.0589,-0.8672,68,0,27.1
2017-03-14 17:02:00:160,0.2652,-0.0668,-0.8435,68,0,27.1
2017-03-14 17:02:00:170,0.2652,-0.0747,-0.8277,68,0,27.1
2017-03-14 17:02:00:180,0.2491,-0.0668,-0.8356,68,0,27.1
2017-03-14 17:02:00:190,0.2571,-0.0826,-0.8356,68,0,27.1
2017-03-14 17:02:00:200,0.2411,-0.0668,-0.8593,68,0,27.1
2017-03-14 17:02:00:210,0.2893,-0.0589,-0.8435,68,0,27.1
2017-03-14 17:02:00:220,0.2813,-0.0589,-0.8356,68,0,27.1
2017-03-14 17:02:00:230,0.2652,-0.0747,-0.8277,68,0,27.1
2017-03-14 17:02:00:240,0.2973,-0.0905,-0.8830,68,0,27.1
2017-03-14 17:02:00:250,0.2491,-0.0589,-0.8514,68,0,27.1
2017-03-14 17:02:00:260,0.2732,-0.0668,-0.8672,68,0,27.1
2017-03-14 17:02:00:270,0.2732,-0.0668,-0.8593,68,0,27.1
2017-03-14 17:02:00:280,0.2652,-0.0984,-0.8277,68,0,27.1
2017-03-14 17:02:00:290,0.2652,-0.0747,-0.8356,68,0,27.1
2017-03-14 17:02:00:300,0.2571,-0.0589,-0.8277,68,0,27.1
2017-03-14 17:02:00:310,0.2411,-0.0589,-0.8672,68,0,27.1
2017-03-14 17:02:00:320,0.2411,-0.0589,-0.8356,68,0,27.1
2017-03-14 17:02:00:330,0.2411,-0.0668,-0.8514,68,0,27.1
2017-03-14 17:02:00:340,0.2330,-0.0747,-0.8593,68,0,27.1
2017-03-14 17:02:00:350,0.2411,-0.0510,-0.8435,68,0,27.1
2017-03-14 17:02:00:360,0.2732,-0.0747,-0.8198,68,0,27.1
2017-03-14 17:02:00:370,0.2571,-0.0747,-0.8593,68,0,27.1
2017-03-14 17:02:00:380,0.2652,-0.0747,-0.8277,68,0,27.1
2017-03-14 17:02:00:390,0.2491,-0.0747,-0.8751,68,0,27.1
2017-03-14 17:02:00:400,0.2411,-0.0668,-0.8593,68,0,27.1
2017-03-14 17:02:00:410,0.2330,-0.0826,-0.8277,68,0,27.1
2017-03-14 17:02:00:420,0.2411,-0.0430,-0.8672,68,0,27.1
2017-03-14 17:02:00:430,0.2652,-0.0668,-0.8435,68,0,27.1
2017-03-14 17:02:00:440,0.2571,-0.0589,-0.8514,68,0,27.1
2017-03-14 17:02:00:450,0.2571,-0.0747,-0.8593,68,0,27.1
2017-03-14 17:02:00:460,0.2169,-0.0668,-0.8593,68,0,27.1
2017-03-14 17:02:00:470,0.2571,-0.0668,-0.8514,68,0,27.1
2017-03-14 17:02:00:480,0.2250,-0.0510,-0.8751,68,0,27.1
2017-03-14 17:02:00:490,0.2411,-0.0668,-0.8909,68,0,27.1
2017-03-14 17:02:00:500,0.2652,-0.0589,-0.8751,68,0,27.1
2017-03-14 17:02:00:510,0.2491,-0.0589,-0.8751,68,0,27.1
2017-03-14 17:02:00:520,0.2813,-0.0668,-0.8514,68,0,27.1
2017-03-14 17:02:00:530,0.2813,-0.0510,-0.8514,86,0,27.1
2017-03-14 17:02:00:540,0.2732,-0.0430,-0.8672,68,0,27.1
2017-03-14 17:02:00:550,0.2411,-0.0430,-0.8672,86,0,27.1
2017-03-14 17:02:00:560,0.2411,-0.0589,-0.8514,86,0,27.1
2017-03-14 17:02:00:570,0.2411,-0.0430,-0.8593,86,0,27.1
2017-03-14 17:02:00:580,0.2411,-0.0826,-0.8593,68,0,27.1
2017-03-14 17:02:00:590,0.2250,-0.0272,-0.8751,86,0,27.1
2017-03-14 17:02:00:600,0.2411,-0.0510,-0.8514,86,0,27.1
2017-03-14 17:02:00:610,0.2491,-0.0510,-0.8909,86,0,27.1
2017-03-14 17:02:00:620,0.2491,-0.0589,-0.8909,86,0,27.1
2017-03-14 17:02:00:630,0.2330,-0.0430,-0.8830,86,0,27.1
2017-03-14 17:02:00:640,0.2330,-0.0826,-0.8593,86,0,27.1
2017-03-14 17:02:00:650,0.2571,-0.0589,-0.8435,86,0,27.1
2017-03-14 17:02:00:660,0.2330,-0.0430,-0.8830,86,0,27.1
2017-03-14 17:02:00:670,0.2330,-0.0589,-0.8909,86,0,27.1
2017-03-14 17:02:00:680,0.2732,-0.0589,-0.8751,86,0,27.1
2017-03-14 17:02:00:690,0.2652,-0.0589,-0.8830,86,0,27.1
2017-03-14 17:02:00:700,0.2330,-0.0510,-0.8830,86,0,27.1
2017-03-14 17:02:00:710,0.2330,-0.0589,-0.8672,86,0,27.1
2017-03-14 17:02:00:720,0.2491,-0.0668,-0.8514,86,0,27.1
2017-03-14 17:02:00:730,0.2491,-0.0510,-0.8672,86,0,27.1
2017-03-14 17:02:00:740,0.2571,-0.0826,-0.8593,86,0,27.1
2017-03-14 17:02:00:750,0.2491,-0.0589,-0.8514,86,0,27.1
2017-03-14 17:02:00:760,0.2250,-0.0510,-0.8593,86,0,27.1
2017-03-14 17:02:00:770,0.2250,-0.0747,-0.8356,86,0,27.1
2017-03-14 17:02:00:780,0.2330,-0.0826,-0.8593,86,0,27.1
2017-03-14 17:02:00:790,0.2491,-0.0747,-0.8672,86,0,27.1
2017-03-14 17:02:00:800,0.2813,-0.1063,-0.8435,86,0,27.1
2017-03-14 17:02:00:810,0.2250,-0.0747,-0.8593,86,0,27.1
2017-03-14 17:02:00:820,0.2330,-0.0905,-0.8514,86,0,27.1
2017-03-14 17:02:00:830,0.2652,-0.0747,-0.8514,86,0,27.1
2017-03-14 17:02:00:840,0.2411,-0.0589,-0.8435,86,0,27.1
2017-03-14 17:02:00:850,0.2491,-0.0668,-0.8435,86,0,27.1
2017-03-14 17:02:00:860,0.2411,-0.0984,-0.8593,86,0,27.1
2017-03-14 17:02:00:870,0.2411,-0.0747,-0.8514,86,0,27.1
2017-03-14 17:02:00:880,0.2330,-0.0905,-0.8514,86,0,27.1
2017-03-14 17:02:00:890,0.2330,-0.0905,-0.8672,86,0,27.1
2017-03-14 17:02:00:900,0.2330,-0.1063,-0.8435,86,0,27.1
2017-03-14 17:02:00:910,0.2652,-0.1380,-0.8435,86,0,27.1
2017-03-14 17:02:00:920,0.2652,-0.1063,-0.8593,86,0,27.1
2017-03-14 17:02:00:930,0.2813,-0.0984,-0.8514,68,0,27.1
2017-03-14 17:02:00:940,0.2411,-0.1301,-0.8435,86,0,27.1
2017-03-14 17:02:00:950,0.2491,-0.1143,-0.8514,86,0,27.1
2017-03-14 17:02:00:960,0.2571,-0.1380,-0.8514,68,0,27.1
2017-03-14 17:02:00:970,0.2571,-0.1143,-0.8514,86,0,27.1
2017-03-14 17:02:00:980,0.2652,-0.1380,-0.8593,86,0,27.1
2017-03-14 17:02:00:990,0.2732,-0.1222,-0.8672,86,0,27.1
2017-03-14 17:02:01:000,0.2813,-0.1459,-0.8672,68,0,27.1
2017-03-14 17:02:01:010,0.2732,-0.1301,-0.8198,86,0,27.1
2017-03-14 17:02:01:020,0.2813,-0.1617,-0.8356,68,0,27.1
2017-03-14 17:02:01:030,0.2652,-0.1459,-0.8514,86,0,27.1
2017-03-14 17:02:01:040,0.2652,-0.1696,-0.8593,86,0,27.1
2017-03-14 17:02:01:050,0.2813,-0.1776,-0.8514,86,0,27.1
2017-03-14 17:02:01:060,0.2491,-0.1617,-0.8277,86,0,27.1
2017-03-14 17:02:01:070,0.2652,-0.1617,-0.8593,86,0,27.1
2017-03-14 17:02:01:080,0.2813,-0.1855,-0.8435,86,0,27.1
2017-03-14 17:02:01:090,0.2571,-0.1776,-0.8119,86,0,27.1
2017-03-14 17:02:01:100,0.2813,-0.1776,-0.8119,86,0,27.1
2017-03-14 17:02:01:110,0.2732,-0.1776,-0.7961,86,0,27.1
2017-03-14 17:02:01:120,0.2571,-0.1934,-0.8040,86,0,27.1
2017-03-14 17:02:01:130,0.2411,-0.1855,-0.8040,86,0,27.1
2017-03-14 17:02:01:140,0.2491,-0.1934,-0.7961,86,0,27.1
2017-03-14 17:02:01:150,0.2491,-0.1934,-0.8119,86,0,27.1
2017-03-14 17:02:01:160,0.2571,-0.2092,-0.8040,86,0,27.1
2017-03-14 17:02:01:170,0.2732,-0.1934,-0.7803,86,0,27.1
2017-03-14 17:02:01:180,0.2491,-0.2013,-0.7645,86,0,27.1
2017-03-14 17:02:01:190,0.2411,-0.1934,-0.7487,86,0,27.1
2017-03-14 17:02:01:200,0.2330,-0.2250,-0.7803,86,0,27.1
2017-03-14 17:02:01:210,0.2652,-0.2171,-0.7566,86,0,27.1
2017-03-14 17:02:01:220,0.2813,-0.2488,-0.7803,86,0,27.1
2017-03-14 17:02:01:230,0.2652,-0.2488,-0.7487,86,0,27.1
2017-03-14 17:02:01:240,0.2973,-0.2488,-0.7566,86,0,27.1
2017-03-14 17:02:01:250,0.2732,-0.2646,-0.7724,86,0,27.1
2017-03-14 17:02:01:260,0.2491,-0.2488,-0.7329,86,0,27.1
2017-03-14 17:02:01:270,0.2813,-0.2804,-0.7171,86,0,27.1
2017-03-14 17:02:01:280,0.2893,-0.2725,-0.7013,103,0,27.1
2017-03-14 17:02:01:290,0.3054,-0.2883,-0.6934,103,0,27.1
2017-03-14 17:02:01:300,0.2732,-0.2567,-0.6697,103,0,27.1
2017-03-14 17:02:01:310,0.2732,-0.2646,-0.6539,103,0,27.1
2017-03-14 17:02:01:320,0.2491,-0.2646,-0.6223,103,0,27.1
2017-03-14 17:02:01:330,0.2571,-0.2804,-0.6223,103,0,27.1
2017-03-14 17:02:01:340,0.2652,-0.2804,-0.5986,120,0,27.1
2017-03-14 17:02:01:350,0.2813,-0.2488,-0.5670,120,0,27.1
2017-03-14 17:02:01:360,0.2813,-0.2488,-0.5354,120,0,27.1
2017-03-14 17:02:01:370,0.2973,-0.2409,-0.5275,120,0,27.1
2017-03-14 17:02:01:380,0.2732,-0.2329,-0.4801,120,0,27.1
2017-03-14 17:02:01:390,0.2571,-0.1934,-0.4563,137,0,27.1
2017-03-14 17:02:01:400,0.2089,-0.1538,-0.4247,137,0,27.1
2017-03-14 17:02:01:410,0.2089,-0.1617,-0.4089,137,0,27.1
2017-03-14 17:02:01:420,0.2089,-0.1301,-0.4089,154,0,27.1
2017-03-14 17:02:01:430,0.2009,-0.1222,-0.3694,154,0,27.1
2017-03-14 17:02:01:440,0.1606,-0.0905,-0.3536,154,0,27.1
2017-03-14 17:02:01:450,0.1606,-0.0589,-0.3457,172,0,27.1
2017-03-14 17:02:01:460,0.1767,-0.0430,-0.3457,172,0,27.1
2017-03-14 17:02:01:470,0.1606,-0.0510,-0.3299,172,0,27.1
2017-03-14 17:02:01:480,0.1526,-0.0272,-0.2983,189,0,27.1
2017-03-14 17:02:01:490,0.1606,-0.0351,-0.3299,189,0,27.1
2017-03-14 17:02:01:500,0.1606,-0.0351,-0.3062,189,0,27.1
2017-03-14 17:02:01:510,0.1606,-0.0668,-0.2983,189,0,27.1
2017-03-14 17:02:01:520,0.2169,-0.1143,-0.3062,189,0,27.1
2017-03-14 17:02:01:530,0.2089,-0.2013,-0.3457,189,0,27.1
2017-03-14 17:02:01:540,0.2009,-0.2804,-0.3378,189,0,27.1
2017-03-14 17:02:01:550,0.2089,-0.3754,-0.3378,189,0,27.1
2017-03-14 17:02:01:560,0.2089,-0.4545,-0.3378,189,0,27.1
2017-03-14 17:02:01:570,0.2491,-0.4941,-0.3220,189,0,27.1
2017-03-14 17:02:01:580,0.2330,-0.5099,-0.3615,189,0,27.1
2017-03-14 17:02:01:590,0.1687,-0.5178,-0.3457,189,0,27.1
2017-03-14 17:02:01:600,0.1526,-0.5811,-0.3852,189,0,27.1
2017-03-14 17:02:01:610,0.1606,-0.6602,-0.4089,189,0,27.1
2017-03-14 17:02:01:620,0.1928,-0.7473,-0.4168,189,0,27.1
2017-03-14 17:02:01:630,0.2411,-0.8264,-0.4089,189,0,27.1
2017-03-14 17:02:01:640,0.2813,-0.8580,-0.3852,189,0,27.1
2017-03-14 17:02:01:650,0.3054,-0.8818,-0.4247,189,0,27.1
2017-03-14 17:02:01:660,0.2813,-0.8976,-0.5749,189,0,27.1
2017-03-14 17:02:01:670,0.2250,-0.9451,-0.7013,189,0,27.1
2017-03-14 17:02:01:680,0.1526,-0.9609,-0.7487,189,0,27.1
2017-03-14 17:02:01:690,0.0963,-0.9609,-0.8040,189,0,27.1
2017-03-14 17:02:01:700,0.1365,-0.9926,-0.7882,189,0,27.1
2017-03-14 17:02:01:710,0.1687,-1.0321,-0.7250,172,0,27.1
2017-03-14 17:02:01:720,0.2250,-1.0559,-0.7013,172,0,27.1
2017-03-14 17:02:01:730,0.2089,-1.0954,-0.6776,189,0,27.1
2017-03-14 17:02:01:740,0.1606,-1.1271,-0.6697,189,0,27.1
2017-03-14 17:02:01:750,0.1687,-1.1746,-0.6855,189,0,27.1
2017-03-14 17:02:01:760,0.1446,-1.2932,-0.6460,189,0,27.1
2017-03-14 17:02:01:770,0.0642,-1.3961,-0.5986,189,0,27.1
2017-03-14 17:02:01:780,0.0079,-1.4357,-0.6302,189,0,27.1
2017-03-14 17:02:01:790,-0.0725,-1.4278,-0.5591,189,0,27.1
2017-03-14 17:02:01:800,-0.0645,-1.3170,-0.4880,189,0,27.1
2017-03-14 17:02:01:810,-0.0886,-1.1429,-0.3773,189,0,27.1
2017-03-14 17:02:01:820,-0.0243,-1.0559,-0.2588,189,0,27.1
2017-03-14 17:02:01:830,0.0240,-0.9213,-0.0692,189,0,27.1
2017-03-14 17:02:01:840,0.0400,-0.8106,-0.0850,189,0,27.1
2017-03-14 17:02:01:850,0.1606,-0.6761,-0.1482,189,0,27.1
2017-03-14 17:02:01:860,0.2571,-0.4624,-0.2351,189,0,27.1
2017-03-14 17:02:01:870,0.4742,-0.2329,-0.2193,189,0,27.1
2017-03-14 17:02:01:880,0.7154,0.0044,-0.0455,189,0,27.1
2017-03-14 17:02:01:890,1.0531,0.2181,0.2626,189,0,27.1
2017-03-14 17:02:01:900,1.3185,0.4159,0.5549,189,0,27.1
2017-03-14 17:02:01:910,1.4471,0.5583,0.7999,172,0,27.1
2017-03-14 17:02:01:920,1.0853,0.6454,0.9026,172,0,27.1
2017-03-14 17:02:01:930,0.6029,0.5821,0.7999,154,0,27.1
2017-03-14 17:02:01:940,0.2732,0.5741,0.4996,154,0,27.1
2017-03-14 17:02:01:950,0.3215,0.4950,0.3495,137,0,27.1
2017-03-14 17:02:01:960,0.6270,0.5425,0.3100,137,0,27.1
2017-03-14 17:02:01:970,0.8441,0.6374,0.3416,120,0,27.1
2017-03-14 17:02:01:980,0.9727,0.5979,0.4285,120,0,27.1
2017-03-14 17:02:01:990,0.9406,0.4792,0.7130,120,0,27.1
2017-03-14 17:02:02:000,0.4823,0.4159,0.5233,103,0,27.1
2017-03-14 17:02:02:010,-0.2575,0.1943,-0.4168,103,0,27.1
2017-03-14 17:02:02:020,-1.1339,-0.2092,-1.6494,86,0,27.1
2017-03-14 17:02:02:030,-1.7450,-1.1666,-3.0636,86,0,27.1
2017-03-14 17:02:02:040,-1.9379,-2.7571,-3.1189,86,0,27.1
2017-03-14 17:02:02:050,-1.5520,-3.2239,-2.3209,68,0,27.1
2017-03-14 17:02:02:060,-1.0776,-2.7966,-1.4755,68,0,27.1
2017-03-14 17:02:02:070,-0.6756,-2.4010,-0.6697,68,0,27.1
2017-03-14 17:02:02:080,-0.9972,-2.2744,0.3495,68,0,27.1
2017-03-14 17:02:02:090,-2.5892,-2.5434,-4.7386,68,0,27.1
2017-03-14 17:02:02:100,-4.7762,-3.2793,-3.1189,51,0,27.1
2017-03-14 17:02:02:110,-5.1541,-1.5464,-3.9169,51,0,27.1
2017-03-14 17:02:02:120,-3.8516,-1.3170,-4.7307,51,0,27.1
2017-03-14 17:02:02:130,-0.4263,-1.2458,-0.7724,51,0,27.1
2017-03-14 17:02:02:140,0.6592,0.0994,0.2863,51,0,27.1
2017-03-14 17:02:02:150,1.6723,1.1280,-0.5591,51,0,27.1
2017-03-14 17:02:02:160,0.9084,0.2972,-0.6302,51,0,27.1
2017-03-14 17:02:02:170,-1.1500,-0.1143,-0.5196,51,0,27.1
2017-03-14 17:02:02:180,-2.3802,-0.1617,-0.9620,34,0,27.1
2017-03-14 17:02:02:190,-1.5841,-0.3437,-0.6381,34,0,27.1
2017-03-14 17:02:02:200,-0.4183,0.2339,-0.6539,34,0,27.1
2017-03-14 17:02:02:210,-0.5228,0.5979,-0.9067,34,0,27.1
2017-03-14 17:02:02:220,-1.1419,0.4317,-1.1437,34,0,27.1
2017-03-14 17:02:02:230,-1.5761,-0.1143,-2.1076,34,0,27.1
2017-03-14 17:02:02:240,1.6240,-0.0905,-0.9936,34,0,27.1
2017-03-14 17:02:02:250,1.1255,-0.1538,0.8078,17,0,27.1
2017-03-14 17:02:02:260,-0.6434,0.2814,0.8394,17,0,27.1
2017-03-14 17:02:02:270,-1.3831,0.5188,0.6340,17,0,27.1
2017-03-14 17:02:02:280,-2.2676,0.7007,0.8315,0,0,27.1
2017-03-14 17:02:02:290,-2.8626,0.5662,0.4522,0,0,27.1
2017-03-14 17:02:02:300,-3.0073,0.1627,-0.0850,0,0,27.1
2017-03-14 17:02:02:310,-2.5249,0.0440,-0.2351,0,0,27.1
2017-03-14 17:02:02:320,-1.4957,0.0756,-0.0850,0,0,27.1
2017-03-14 17:02:02:330,-0.6756,-0.1063,-0.0613,0,0,27.1
2017-03-14 17:02:02:340,-0.6273,-0.3121,-0.0297,0,0,27.1
2017-03-14 17:02:02:350,-0.7238,-0.1459,0.1520,0,0,27.1
2017-03-14 17:02:02:360,-0.6916,0.1152,0.6893,0,0,27.1
2017-03-14 17:02:02:370,-0.6032,0.1706,1.1238,0,0,27.1
2017-03-14 17:02:02:380,-0.6595,-0.0668,1.0606,0,0,27.1
2017-03-14 17:02:02:390,-0.9891,-0.0668,0.8236,0,0,27.1
2017-03-14 17:02:02:400,-1.2304,0.2260,0.7841,0,0,27.1
2017-03-14 17:02:02:410,-1.1339,0.5741,0.6735,0,0,27.1
2017-03-14 17:02:02:420,-0.9972,0.9144,0.1915,0,0,27.1
2017-03-14 17:02:02:430,-0.9731,1.5474,-0.3141,0,0,27.1
2017-03-14 17:02:02:440,-0.9087,2.5444,-0.5512,0,0,27.1
2017-03-14 17:02:02:450,-1.4153,2.5681,-0.6697,0,0,27.1
2017-03-14 17:02:02:460,-1.5600,0.9539,-0.3615,0,0,27.1
2017-03-14 17:02:02:470,-1.3510,-0.3358,0.0414,0,0,27.1
2017-03-14 17:02:02:480,-0.7077,-1.1033,0.3574,0,0,27.1
2017-03-14 17:02:02:490,-0.2333,-1.4119,0.4601,0,0,27.1
2017-03-14 17:02:02:500,-0.0886,-1.5385,0.3416,0,0,27.1
2017-03-14 17:02:02:510,0.0240,-1.4119,0.4759,0,0,27.1
2017-03-14 17:02:02:520,0.1687,-0.8343,0.9342,0,0,27.1
2017-03-14 17:02:02:530,0.2491,-0.0668,1.3608,0,0,27.1
2017-03-14 17:02:02:540,0.1044,0.9539,2.2457,0,0,27.1
2017-03-14 17:02:02:550,-0.0564,1.7610,2.3010,0,0,27.1
2017-03-14 17:02:02:560,-0.2896,1.4366,2.2378,0,0,27.1
2017-03-14 17:02:02:570,-0.4826,0.9381,2.1904,0,0,27.1
2017-03-14 17:02:02:580,-0.3861,0.6216,1.8586,0,0,27.1
2017-03-14 17:02:02:590,-0.2655,0.4080,1.4872,0,0,27.1
2017-03-14 17:02:02:600,-0.0323,0.2655,1.0685,0,0,27.1
2017-03-14 17:02:02:610,0.0561,0.1943,0.8868,0,0,27.1
2017-03-14 17:02:02:620,0.1526,0.1073,0.7920,0,0,27.1
2017-03-14 17:02:02:630,0.1606,0.0836,0.8789,0,0,27.1
2017-03-14 17:02:02:640,0.1124,0.0756,0.9895,0,0,27.1
2017-03-14 17:02:02:650,0.0561,0.2102,0.9500,0,0,27.1
2017-03-14 17:02:02:660,-0.0082,0.2735,0.9816,0,0,27.1
2017-03-14 17:02:02:670,-0.0645,0.3051,0.9421,0,0,27.1
2017-03-14 17:02:02:680,-0.0806,0.3209,0.8157,0,0,27.1
2017-03-14 17:02:02:690,-0.1127,0.3368,0.7920,0,0,27.1
2017-03-14 17:02:02:700,-0.1931,0.3842,0.6498,0,0,27.1
2017-03-14 17:02:02:710,-0.3057,0.4871,0.4838,0,0,27.1
2017-03-14 17:02:02:720,-0.2896,0.5267,0.2310,0,0,27.1
2017-03-14 17:02:02:730,-0.2253,0.5425,0.1994,0,0,27.1
2017-03-14 17:02:02:740,-0.2012,0.5267,0.2310,0,0,27.1
2017-03-14 17:02:02:750,-0.1288,0.4871,0.3416,0,0,27.1
2017-03-14 17:02:02:760,-0.0806,0.4713,0.4522,0,0,27.1
2017-03-14 17:02:02:770,-0.0966,0.4950,0.5075,0,0,27.1
2017-03-14 17:02:02:780,-0.1127,0.5267,0.5154,0,0,27.1
2017-03-14 17:02:02:790,-0.0966,0.5108,0.4601,0,0,27.1
2017-03-14 17:02:02:800,-0.1288,0.3763,0.4443,0,0,27.1
2017-03-14 17:02:02:810,-0.2414,0.2655,0.4680,0,0,27.1
2017-03-14 17:02:02:820,-0.3379,0.2102,0.4206,0,0,27.1
2017-03-14 17:02:02:830,-0.3781,0.2497,0.4206,0,0,27.1
2017-03-14 17:02:02:840,-0.3218,0.2972,0.4759,0,0,27.1
2017-03-14 17:02:02:850,-0.2333,0.3447,0.5312,0,0,27.1
2017-03-14 17:02:02:860,-0.1851,0.3922,0.6814,0,0,27.1
2017-03-14 17:02:02:870,-0.1771,0.4159,0.8631,0,0,27.1
2017-03-14 17:02:02:880,-0.1851,0.4396,1.0211,0,0,27.1
2017-03-14 17:02:02:890,-0.2414,0.4159,1.2660,0,0,27.1
2017-03-14 17:02:02:900,-0.3941,0.2497,1.5662,0,0,27.1
2017-03-14 17:02:02:910,-0.5630,0.0836,1.6374,0,0,27.1
2017-03-14 17:02:02:920,-0.6354,-0.0430,1.6532,0,0,27.1
2017-03-14 17:02:02:930,-0.7158,-0.0826,1.6453,0,0,27.1
2017-03-14 17:02:02:940,-0.7479,0.0440,1.5030,0,0,27.1
2017-03-14 17:02:02:950,-0.7721,0.1469,1.3213,0,0,27.1
2017-03-14 17:02:02:960,-0.6997,0.0598,1.1475,0,0,27.1
2017-03-14 17:02:02:970,-0.5550,-0.2250,1.0448,0,0,27.1
2017-03-14 17:02:02:980,-0.4263,-0.5178,1.1080,0,0,27.1
2017-03-14 17:02:02:990,-0.4746,-0.5811,1.3055,0,0,27.1
2017-03-14 17:02:03:000,-0.6434,-0.3912,1.5425,0,0,27.1
2017-03-14 17:02:03:010,-0.7962,0.0123,1.7006,0,0,27.1
2017-03-14 17:02:03:020,-0.9891,0.3130,1.7006,0,0,27.1
2017-03-14 17:02:03:030,-1.0696,0.4317,1.6058,0,0,27.1
2017-03-14 17:02:03:040,-1.1098,0.2893,1.3371,0,0,27.1
2017-03-14 17:02:03:050,-0.9731,0.1469,0.9974,0,0,27.1
2017-03-14 17:02:03:060,-0.6273,0.2181,0.7604,0,0,27.1
2017-03-14 17:02:03:070,-0.3861,0.3368,0.5312,0,0,27.1
2017-03-14 17:02:03:080,-0.2977,0.3684,0.4127,0,0,27.1
2017-03-14 17:02:03:090,-0.3620,0.3605,0.3969,0,0,27.1
2017-03-14 17:02:03:100,-0.4263,0.2814,0.4759,0,0,27.1
2017-03-14 17:02:03:110,-0.5710,0.1706,0.7130,0,0,27.1
2017-03-14 17:02:03:120,-0.7399,0.0677,0.9500,0,0,27.1
2017-03-14 17:02:03:130,-0.8846,0.0440,1.1080,0,0,27.1
2017-03-14 17:02:03:140,-0.8766,-0.0035,1.1396,0,0,27.1
2017-03-14 17:02:03:150,-0.7318,-0.0035,0.9263,0,0,27.1
2017-03-14 17:02:03:160,-0.6434,0.0282,0.7762,0,0,27.1
2017-03-14 17:02:03:170,-0.6193,0.0440,0.7051,0,0,27.1
2017-03-14 17:02:03:180,-0.6675,0.1152,0.7604,0,0,27.1
2017-03-14 17:02:03:190,-0.7158,0.2022,0.6814,0,0,27.1
2017-03-14 17:02:03:200,-0.7881,0.1706,0.6577,0,0,27.1
2017-03-14 17:02:03:210,-0.8444,0.1073,0.5787,0,0,27.1
2017-03-14 17:02:03:220,-0.8605,0.0440,0.5708,0,0,27.1
2017-03-14 17:02:03:230,-0.8685,0.0598,0.4996,0,0,27.1
2017-03-14 17:02:03:240,-0.8927,0.1310,0.4759,0,0,27.1
2017-03-14 17:02:03:250,-0.9087,0.1864,0.4522,0,0,27.1
2017-03-14 17:02:03:260,-0.9650,0.1785,0.4285,0,0,27.1
2017-03-14 17:02:03:270,-1.0535,0.1231,0.3732,0,0,27.1
2017-03-14 17:02:03:280,-1.1902,0.1310,0.2310,0,0,27.1
2017-03-14 17:02:03:290,-1.2464,0.1152,0.1678,0,0,27.1
2017-03-14 17:02:03:300,-1.2866,0.0836,0.0177,0,0,27.1
2017-03-14 17:02:03:310,-1.2464,0.0440,-0.0060,0,0,27.1
2017-03-14 17:02:03:320,-1.1098,0.0440,0.0177,0,0,27.1
2017-03-14 17:02:03:330,-0.9168,0.1152,0.0256,0,0,27.1
2017-03-14 17:02:03:340,-0.7318,0.1152,0.0730,0,0,27.1
2017-03-14 17:02:03:350,-0.6916,0.1073,0.0572,0,0,27.1
2017-03-14 17:02:03:360,-0.7077,0.0836,0.0256,0,0,27.1
2017-03-14 17:02:03:370,-0.8444,0.0756,0.0098,0,0,27.1
2017-03-14 17:02:03:380,-0.9570,0.0440,-0.0376,0,0,27.1
2017-03-14 17:02:03:390,-1.0535,0.0677,-0.0534,0,0,27.1
2017-03-14 17:02:03:400,-1.1339,0.0598,-0.0850,0,0,27.1
2017-03-14 17:02:03:410,-1.1419,0.0598,-0.0850,0,0,27.1
2017-03-14 17:02:03:420,-1.1098,0.0440,-0.1561,0,0,27.1
2017-03-14 17:02:03:430,-1.0696,0.0203,-0.1956,0,0,27.1
2017-03-14 17:02:03:440,-1.0776,0.0203,-0.2825,0,0,27.1
2017-03-14 17:02:03:450,-1.0374,0.0203,-0.2825,0,0,27.1
2017-03-14 17:02:03:460,-1.0293,0.0598,-0.3457,0,0,27.1
2017-03-14 17:02:03:470,-1.0133,0.1152,-0.4010,0,0,27.1
2017-03-14 17:02:03:480,-0.9489,0.0994,-0.4405,17,0,27.1
2017-03-14 17:02:03:490,-0.8605,0.1310,-0.4247,17,0,27.1
2017-03-14 17:02:03:500,-0.7399,0.1310,-0.3299,17,0,27.1
2017-03-14 17:02:03:510,-0.6675,0.1231,-0.3615,17,0,27.1
2017-03-14 17:02:03:520,-0.6675,0.0915,-0.3773,17,0,27.1
2017-03-14 17:02:03:530,-0.7158,0.0994,-0.3852,17,0,27.1
2017-03-14 17:02:03:540,-0.6997,0.0915,-0.4326,17,0,27.1
2017-03-14 17:02:03:550,-0.7077,0.1073,-0.4801,17,0,27.1
2017-03-14 17:02:03:560,-0.7560,0.0677,-0.5591,17,0,27.1
2017-03-14 17:02:03:570,-0.7640,0.0519,-0.6381,17,0,27.1
2017-03-14 17:02:03:580,-0.7399,0.0677,-0.6697,17,0,27.1
2017-03-14 17:02:03:590,-0.6836,0.0994,-0.6618,17,0,27.1
2017-03-14 17:02:03:600,-0.5630,0.1231,-0.6223,17,0,27.1
2017-03-14 17:02:03:610,-0.4987,0.1864,-0.5670,17,0,27.1
2017-03-14 17:02:03:620,-0.4665,0.1706,-0.5591,17,0,27.1
2017-03-14 17:02:03:630,-0.4746,0.1943,-0.6065,17,0,27.1
2017-03-14 17:02:03:640,-0.4746,0.1469,-0.6302,17,0,27.1
2017-03-14 17:02:03:650,-0.4826,0.1389,-0.6776,17,0,27.1
2017-03-14 17:02:03:660,-0.4585,0.1943,-0.6618,17,0,27.1
2017-03-14 17:02:03:670,-0.4343,0.1548,-0.6855,17,0,27.1
2017-03-14 17:02:03:680,-0.4585,0.1389,-0.6855,17,0,27.1
2017-03-14 17:02:03:690,-0.4424,0.1548,-0.6934,17,0,27.1
2017-03-14 17:02:03:700,-0.4102,0.1548,-0.7171,17,0,27.1
2017-03-14 17:02:03:710,-0.3620,0.1785,-0.6618,17,0,27.1
2017-03-14 17:02:03:720,-0.3298,0.1943,-0.6381,17,0,27.1
2017-03-14 17:02:03:730,-0.2735,0.1785,-0.7013,34,0,27.1
2017-03-14 17:02:03:740,-0.2816,0.1627,-0.7171,17,0,27.1
2017-03-14 17:02:03:750,-0.2977,0.1548,-0.7645,17,0,27.1
2017-03-14 17:02:03:760,-0.3057,0.1310,-0.7882,17,0,27.1
2017-03-14 17:02:03:770,-0.3379,0.1389,-0.8040,34,0,27.1
2017-03-14 17:02:03:780,-0.3459,0.1389,-0.7803,17,0,27.1
2017-03-14 17:02:03:790,-0.3459,0.1627,-0.8356,17,0,27.1
2017-03-14 17:02:03:800,-0.3379,0.1548,-0.8514,17,0,27.1
2017-03-14 17:02:03:810,-0.3379,0.1548,-0.8593,17,0,27.1
2017-03-14 17:02:03:820,-0.3459,0.1548,-0.8672,17,0,27.1
2017-03-14 17:02:03:830,-0.3459,0.1389,-0.9067,17,0,27.1
2017-03-14 17:02:03:840,-0.3700,0.0836,-0.8909,34,0,27.1
2017-03-14 17:02:03:850,-0.3781,0.0915,-0.8909,34,0,27.1
2017-03-14 17:02:03:860,-0.3539,0.0756,-0.8672,34,0,27.1
2017-03-14 17:02:03:870,-0.3459,0.1073,-0.8435,34,0,27.1
2017-03-14 17:02:03:880,-0.3539,0.1310,-0.8119,34,0,27.1
2017-03-14 17:02:03:890,-0.3218,0.1310,-0.8040,34,0,27.1
2017-03-14 17:02:03:900,-0.3298,0.1627,-0.7882,17,0,27.1
2017-03-14 17:02:03:910,-0.3057,0.1389,-0.7803,34,0,27.1
2017-03-14 17:02:03:920,-0.2896,0.1548,-0.7645,34,0,27.1
2017-03-14 17:02:03:930,-0.3137,0.1469,-0.7803,34,0,27.1
2017-03-14 17:02:03:940,-0.3459,0.1627,-0.7882,34,0,27.1
2017-03-14 17:02:03:950,-0.3861,0.1073,-0.8119,17,0,27.1
2017-03-14 17:02:03:960,-0.4343,0.1231,-0.8040,34,0,27.1
2017-03-14 17:02:03:970,-0.4746,0.1073,-0.8198,34,0,27.1
2017-03-14 17:02:03:980,-0.4665,0.1469,-0.7961,34,0,27.1
2017-03-14 17:02:03:990,-0.4665,0.1548,-0.7961,34,0,27.1
2017-03-14 17:02:04:000,-0.4826,0.1548,-0.7645,34,0,27.1
2017-03-14 17:02:04:010,-0.4746,0.1469,-0.8040,34,0,27.1
2017-03-14 17:02:04:020,-0.4746,0.1152,-0.7803,34,0,27.1
2017-03-14 17:02:04:030,-0.4665,0.1152,-0.7882,34,0,27.1
2017-03-14 17:02:04:040,-0.4585,0.0519,-0.7645,34,0,27.1
2017-03-14 17:02:04:050,-0.4665,0.0677,-0.8040,34,0,27.1
2017-03-14 17:02:04:060,-0.4585,0.0677,-0.8198,34,0,27.1
2017-03-14 17:02:04:070,-0.3861,0.0519,-0.8119,34,0,27.1
2017-03-14 17:02:04:080,-0.3700,0.0677,-0.7645,17,0,27.1
2017-03-14 17:02:04:090,-0.3539,0.0677,-0.7803,17,0,27.1
2017-03-14 17:02:04:100,-0.3620,0.0756,-0.8119,34,0,27.1
2017-03-14 17:02:04:110,-0.3620,0.0915,-0.8514,34,0,27.1
2017-03-14 17:02:04:120,-0.3057,0.0519,-0.8198,34,0,27.1
2017-03-14 17:02:04:130,-0.2735,0.0440,-0.8119,34,0,27.1
2017-03-14 17:02:04:140,-0.2816,0.0598,-0.8119,34,0,27.1
2017-03-14 17:02:04:150,-0.3298,0.0915,-0.8198,17,0,27.1
2017-03-14 17:02:04:160,-0.3459,0.0756,-0.8119,17,0,27.1
2017-03-14 17:02:04:170,-0.3781,0.0994,-0.7882,17,0,27.1
2017-03-14 17:02:04:180,-0.4022,0.0440,-0.7961,17,0,27.1
2017-03-14 17:02:04:190,-0.4183,-0.0035,-0.8514,17,0,27.1
2017-03-14 17:02:04:200,-0.4102,0.0440,-0.8119,17,0,27.1
2017-03-14 17:02:04:210,-0.4585,0.1231,-0.7882,17,0,27.1
2017-03-14 17:02:04:220,-0.4585,0.1310,-0.7961,17,0,27.1
2017-03-14 17:02:04:230,-0.4424,0.1231,-0.7961,17,0,27.1
2017-03-14 17:02:04:240,-0.4585,0.0677,-0.8040,17,0,27.1
2017-03-14 17:02:04:250,-0.4746,0.0440,-0.8277,17,0,27.1
2017-03-14 17:02:04:260,-0.4906,0.0123,-0.8356,17,0,27.1
2017-03-14 17:02:04:270,-0.5228,0.0440,-0.8435,17,0,27.1
2017-03-14 17:02:04:280,-0.4585,0.0440,-0.8356,17,0,27.1
2017-03-14 17:02:04:290,-0.4102,0.0836,-0.8119,17,0,27.1
2017-03-14 17:02:04:300,-0.3861,0.0440,-0.8356,17,0,27.1
2017-03-14 17:02:04:310,-0.3137,0.1943,-0.7408,17,0,27.1
2017-03-14 17:02:04:320,-0.3379,0.1627,-0.8119,17,0,27.1
2017-03-14 17:02:04:330,-0.3057,0.2418,-0.7329,17,0,27.1
2017-03-14 17:02:04:340,-0.3057,0.2339,-0.7408,17,0,27.1
2017-03-14 17:02:04:350,-0.3298,0.0994,-0.8040,17,0,27.1
2017-03-14 17:02:04:360,-0.4343,0.0440,-0.8356,17,0,27.1
2017-03-14 17:02:04:370,-0.3700,0.1627,-0.8040,17,0,27.1
2017-03-14 17:02:04:380,-0.3539,0.2102,-0.7250,17,0,27.1
2017-03-14 17:02:04:390,-0.2896,0.2418,-0.7724,17,0,27.1
2017-03-14 17:02:04:400,-0.2494,0.2814,-0.7566,17,0,27.1
2017-03-14 17:02:04:410,-0.3620,0.2339,-0.7803,17,0,27.1
2017-03-14 17:02:04:420,-0.3379,0.1469,-0.8514,17,0,27.1
2017-03-14 17:02:04:430,-0.4424,0.0994,-0.8356,17,0,27.1
2017-03-14 17:02:04:440,-0.4424,0.3288,-0.7329,17,0,27.1
2017-03-14 17:02:04:450,-0.2655,0.0598,-0.8198,17,0,27.1
2017-03-14 17:02:04:460,-0.3379,0.1785,-0.8356,17,0,27.1
2017-03-14 17:02:04:470,-0.2575,0.1469,-0.8435,17,0,27.1
2017-03-14 17:02:04:480,-0.2735,0.1785,-0.8277,17,0,27.1
2017-03-14 17:02:04:490,-0.2896,0.2181,-0.7961,17,0,27.1
2017-03-14 17:02:04:500,-0.3218,0.1548,-0.8119,17,0,27.1
2017-03-14 17:02:04:510,-0.3057,0.1785,-0.7961,17,0,27.1
2017-03-14 17:02:04:520,-0.2977,0.1548,-0.8356,17,0,27.1
2017-03-14 17:02:04:530,-0.2655,0.1943,-0.8277,17,0,27.1
2017-03-14 17:02:04:540,-0.2896,0.1469,-0.8356,17,0,27.1
2017-03-14 17:02:04:550,-0.3137,0.0836,-0.8040,17,0,27.1
2017-03-14 17:02:04:560,-0.3379,0.2576,-0.8119,17,0,27.1
2017-03-14 17:02:04:570,-0.3218,0.2102,-0.7961,17,0,27.1
2017-03-14 17:02:04:580,-0.3137,0.1389,-0.8119,17,0,27.1
2017-03-14 17:02:04:590,-0.2575,0.1152,-0.8356,17,0,27.1
2017-03-14 17:02:04:600,-0.2414,0.2260,-0.8119,17,0,27.1
2017-03-14 17:02:04:610,-0.2414,0.2972,-0.8277,17,0,27.1
2017-03-14 17:02:04:620,-0.2012,0.2022,-0.8040,17,0,27.1
2017-03-14 17:02:04:630,-0.2735,0.1548,-0.8435,17,0,27.1
2017-03-14 17:02:04:640,-0.2977,0.1864,-0.8277,17,0,27.1
2017-03-14 17:02:04:650,-0.2816,0.1943,-0.7803,17,0,27.1
2017-03-14 17:02:04:660,-0.2977,0.2260,-0.7882,17,0,27.1
2017-03-14 17:02:04:670,-0.2735,0.2418,-0.7882,17,0,27.1
2017-03-14 17:02:04:680,-0.2977,0.1943,-0.8356,17,0,27.1
2017-03-14 17:02:04:690,-0.3218,0.1943,-0.8277,17,0,27.1
2017-03-14 17:02:04:700,-0.2735,0.2102,-0.8198,17,0,27.1
2017-03-14 17:02:04:710,-0.2896,0.2497,-0.7645,17,0,27.1
2017-03-14 17:02:04:720,-0.2896,0.1785,-0.8119,17,0,27.1
2017-03-14 17:02:04:730,-0.2575,0.2022,-0.8277,17,0,27.1
2017-03-14 17:02:04:740,-0.2253,0.2102,-0.8356,17,0,27.1
2017-03-14 17:02:04:750,-0.2333,0.1864,-0.8277,17,0,27.1
2017-03-14 17:02:04:760,-0.2333,0.2339,-0.8593,17,0,27.1
2017-03-14 17:02:04:770,-0.2092,0.1706,-0.8198,17,0,27.1
2017-03-14 17:02:04:780,-0.1610,0.2339,-0.7566,17,0,27.1
2017-03-14 17:02:04:790,-0.0966,0.1548,-0.8040,17,0,27.1
2017-03-14 17:02:04:800,-0.1127,0.1943,-0.7724,17,0,27.1
2017-03-14 17:02:04:810,-0.1690,0.1548,-0.8514,17,0,27.1
2017-03-14 17:02:04:820,-0.3298,0.1389,-0.8119,17,0,27.1
2017-03-14 17:02:04:830,-0.2494,0.1943,-1.1990,17,0,27.1
2017-03-14 17:02:04:840,-0.2092,0.1943,-0.8198,17,0,27.1
2017-03-14 17:02:04:850,-0.2333,0.2418,-0.8593,17,0,27.1
2017-03-14 17:02:04:860,-0.2333,0.2655,-0.8356,17,0,27.1
2017-03-14 17:02:04:870,-0.4022,0.2972,-0.8040,17,0,27.1
2017-03-14 17:02:04:880,-0.3057,0.2497,-0.8277,17,0,27.1
2017-03-14 17:02:04:890,-0.2414,0.2418,-0.9699,17,0,27.1
2017-03-14 17:02:04:900,-0.2333,0.1706,-0.8435,17,0,27.1
2017-03-14 17:02:04:910,-0.2735,0.2102,-0.8356,17,0,27.1
2017-03-14 17:02:04:920,-0.3379,0.2497,-0.8119,17,0,27.1
2017-03-14 17:02:04:930,-0.3218,0.2972,-0.8119,17,0,27.1
2017-03-14 17:02:04:940,-0.4183,0.2260,-0.8277,17,0,27.1
2017-03-14 17:02:04:950,-0.3539,0.2497,-0.9067,17,0,27.1
2017-03-14 17:02:04:960,-0.3218,0.1785,-0.8198,17,0,27.1
2017-03-14 17:02:04:970,-0.2655,0.2022,-0.8277,17,0,27.1
2017-03-14 17:02:04:980,-0.2494,0.2181,-0.8435,17,0,27.1
2017-03-14 17:02:04:990,-0.2092,0.2022,-0.8277,17,0,27.1
2017-03-14 17:02:05:000,-0.1288,0.1943,-0.8356,17,0,27.1
2017-03-14 17:02:05:010,-0.2977,0.1943,-0.8514,17,0,27.1
2017-03-14 17:02:05:020,-0.3137,0.2022,-0.8277,17,0,27.1
2017-03-14 17:02:05:030,-0.3298,0.1627,-0.8593,17,0,27.1
2017-03-14 17:02:05:040,-0.2977,0.1785,-0.8751,17,0,27.1
2017-03-14 17:02:05:050,-0.1931,0.1785,-0.8435,17,0,27.1
2017-03-14 17:02:05:060,-0.1449,0.1864,-0.8593,17,0,27.1
2017-03-14 17:02:05:070,-0.1368,0.1548,-0.8119,17,0,27.1
2017-03-14 17:02:05:080,-0.1529,0.2339,-0.8119,17,0,27.1
2017-03-14 17:02:05:090,-0.1690,0.1706,-0.8356,17,0,27.1
2017-03-14 17:02:05:100,-0.1851,0.1785,-0.8514,17,0,27.1
2017-03-14 17:02:05:110,-0.2575,0.1864,-0.8593,17,0,27.1
2017-03-14 17:02:05:120,-0.2253,0.1785,-0.8356,17,0,27.1
2017-03-14 17:02:05:130,-0.2012,0.1706,-0.8277,17,0,27.1
2017-03-14 17:02:05:140,-0.2333,0.1706,-0.8435,17,0,27.1
2017-03-14 17:02:05:150,-0.2012,0.1785,-0.8119,17,0,27.1
2017-03-14 17:02:05:160,-0.2012,0.1943,-0.8119,17,0,27.1
2017-03-14 17:02:05:170,-0.2414,0.1706,-0.8435,17,0,27.1
2017-03-14 17:02:05:180,-0.2655,0.1706,-0.8514,17,0,27.1
2017-03-14 17:02:05:190,-0.2253,0.1864,-0.8435,17,0,27.1
2017-03-14 17:02:05:200,-0.1931,0.1943,-0.7803,17,0,27.1
2017-03-14 17:02:05:210,-0.2012,0.1864,-0.8277,17,0,27.1
2017-03-14 17:02:05:220,-0.2414,0.1864,-0.8356,17,0,27.1
2017-03-14 17:02:05:230,-0.2012,0.1548,-0.8277,17,0,27.1
2017-03-14 17:02:05:240,-0.2735,0.1706,-0.8277,17,0,27.1
2017-03-14 17:02:05:250,-0.2896,0.1548,-0.8198,17,0,27.1
2017-03-14 17:02:05:260,-0.2655,0.1627,-0.8435,17,0,27.1
2017-03-14 17:02:05:270,-0.2977,0.2339,-0.7882,17,0,27.1
2017-03-14 17:02:05:280,-0.1931,0.1627,-0.8356,17,0,27.1
2017-03-14 17:02:05:290,-0.2012,0.1548,-0.8356,17,0,27.1
2017-03-14 17:02:05:300,-0.1690,0.2102,-0.8435,17,0,27.1
2017-03-14 17:02:05:310,-0.2333,0.1706,-0.8435,17,0,27.1
2017-03-14 17:02:05:320,-0.3218,0.2102,-0.8356,17,0,27.1
2017-03-14 17:02:05:330,-0.3539,0.2022,-0.8435,17,0,27.1
2017-03-14 17:02:05:340,-0.3941,0.1548,-0.8514,17,0,27.1
2017-03-14 17:02:05:350,-0.4022,0.2260,-0.7803,17,0,27.1
2017-03-14 17:02:05:360,-0.1529,0.1785,-0.8356,17,0,27.1
2017-03-14 17:02:05:370,-0.1127,0.1785,-0.8435,17,0,27.1
2017-03-14 17:02:05:380,-0.1288,0.1548,-0.8198,17,0,27.1
2017-03-14 17:02:05:390,-0.1931,0.1548,-0.8198,17,0,27.1
2017-03-14 17:02:05:400,-0.3057,0.1389,-0.8514,17,0,27.1
2017-03-14 17:02:05:410,-0.2173,0.1469,-0.8356,17,0,27.1
2017-03-14 17:02:05:420,-0.2655,0.1706,-0.8514,17,0,27.1
2017-03-14 17:02:05:430,-0.2333,0.1785,-0.8277,17,0,27.1
2017-03-14 17:02:05:440,-0.2414,0.1706,-0.8277,17,0,27.1
2017-03-14 17:02:05:450,-0.1771,0.1943,-0.8277,17,0,27.1
2017-03-14 17:02:05:460,-0.1288,0.1864,-0.8435,17,0,27.1
2017-03-14 17:02:05:470,-0.2173,0.1627,-0.8435,17,0,27.1
2017-03-14 17:02:05:480,-0.2494,0.1627,-0.8198,17,0,27.1
2017-03-14 17:02:05:490,-0.2333,0.1310,-0.8435,17,0,27.1
2017-03-14 17:02:05:500,-0.2414,0.1864,-0.8593,17,0,27.1
2017-03-14 17:02:05:510,-0.2012,0.1943,-0.8356,17,0,27.1
2017-03-14 17:02:05:520,-0.2575,0.1548,-0.8672,17,0,27.1
2017-03-14 17:02:05:530,-0.2494,0.1706,-0.8198,17,0,27.1
2017-03-14 17:02:05:540,-0.2575,0.1785,-0.8514,17,0,27.1
2017-03-14 17:02:05:550,-0.2575,0.1785,-0.8119,17,0,27.1
2017-03-14 17:02:05:560,-0.2735,0.1469,-0.8119,17,0,27.1
2017-03-14 17:02:05:570,-0.3057,0.1469,-0.8356,17,0,27.1
2017-03-14 17:02:05:580,-0.2655,0.1864,-0.8514,17,0,27.1
2017-03-14 17:02:05:590,-0.2092,0.1785,-0.8435,17,0,27.1
2017-03-14 17:02:05:600,-0.2494,0.1548,-0.8672,17,0,27.1
2017-03-14 17:02:05:610,-0.2735,0.1864,-0.8277,17,0,27.1
2017-03-14 17:02:05:620,-0.2173,0.1469,-0.8277,17,0,27.1
2017-03-14 17:02:05:630,-0.2173,0.1469,-0.8356,17,0,27.1
2017-03-14 17:02:05:640,-0.2253,0.1469,-0.8356,17,0,27.1
2017-03-14 17:02:05:650,-0.2977,0.1310,-0.8198,17,0,27.1
2017-03-14 17:02:05:660,-0.2816,0.1469,-0.8198,17,0,27.1
2017-03-14 17:02:05:670,-0.2735,0.1785,-0.8198,17,0,27.1
2017-03-14 17:02:05:680,-0.2092,0.1706,-0.8040,17,0,27.1
2017-03-14 17:02:05:690,-0.2012,0.1627,-0.8119,17,0,27.1
2017-03-14 17:02:05:700,-0.1851,0.1627,-0.8119,17,0,27.1
2017-03-14 17:02:05:710,-0.1851,0.1548,-0.8198,17,0,27.1
2017-03-14 17:02:05:720,-0.2333,0.1389,-0.8514,17,0,27.1
2017-03-14 17:02:05:730,-0.3057,0.1785,-0.8593,17,0,27.1
2017-03-14 17:02:05:740,-0.3137,0.1627,-0.8435,17,0,27.1
2017-03-14 17:02:05:750,-0.2575,0.1627,-0.8198,17,0,27.1
2017-03-14 17:02:05:760,-0.2253,0.1469,-0.8514,17,0,27.1
2017-03-14 17:02:05:770,-0.2012,0.2102,-0.8119,17,0,27.1
2017-03-14 17:02:05:780,-0.2494,0.1864,-0.8277,17,0,27.1
2017-03-14 17:02:05:790,-0.2575,0.1864,-0.8356,17,0,27.1
2017-03-14 17:02:05:800,-0.2816,0.1389,-0.8435,17,0,27.1
2017-03-14 17:02:05:810,-0.2575,0.1627,-0.8119,17,0,27.1
2017-03-14 17:02:05:820,-0.2333,0.1785,-0.8514,17,0,27.1
2017-03-14 17:02:05:830,-0.2575,0.1706,-0.8119,17,0,27.1
2017-03-14 17:02:05:840,-0.2092,0.1627,-0.8356,17,0,27.1
2017-03-14 17:02:05:850,-0.2494,0.1469,-0.8198,17,0,27.1
2017-03-14 17:02:05:860,-0.2092,0.1627,-0.8514,17,0,27.1
2017-03-14 17:02:05:870,-0.2414,0.1548,-0.8672,17,0,27.1
2017-03-14 17:02:05:880,-0.2575,0.1706,-0.8514,17,0,27.1
2017-03-14 17:02:05:890,-0.2494,0.1706,-0.8119,17,0,27.1
2017-03-14 17:02:05:900,-0.2977,0.1548,-0.8435,17,0,27.1
2017-03-14 17:02:05:910,-0.2735,0.1548,-0.8277,17,0,27.1
2017-03-14 17:02:05:920,-0.2575,0.1706,-0.8277,17,0,27.1
2017-03-14 17:02:05:930,-0.2414,0.1864,-0.8514,17,0,27.1
2017-03-14 17:02:05:940,-0.2333,0.1943,-0.8356,17,0,27.1
2017-03-14 17:02:05:950,-0.2655,0.1548,-0.8830,17,0,27.1
2017-03-14 17:02:05:960,-0.2173,0.1389,-0.8435,17,0,27.1
2017-03-14 17:02:05:970,-0.2012,0.1785,-0.8356,17,0,27.1
2017-03-14 17:02:05:980,-0.2333,0.1785,-0.8277,17,0,27.1
2017-03-14 17:02:05:990,-0.2575,0.1864,-0.8435,17,0,27.1
2017-03-14 17:02:06:000,-0.2575,0.1785,-0.8514,17,0,27.1
2017-03-14 17:02:06:010,-0.2655,0.1627,-0.8514,17,0,27.1
2017-03-14 17:02:06:020,-0.2735,0.1548,-0.8277,17,0,27.1
2017-03-14 17:02:06:030,-0.2173,0.1785,-0.8277,17,0,27.1
2017-03-14 17:02:06:040,-0.2414,0.1627,-0.8751,17,0,27.1
2017-03-14 17:02:06:050,-0.2575,0.1785,-0.8593,17,0,27.1
2017-03-14 17:02:06:060,-0.2816,0.1548,-0.8356,17,0,27.1
2017-03-14 17:02:06:070,-0.2655,0.1785,-0.8277,17,0,27.1
2017-03-14 17:02:06:080,-0.3379,0.1548,-0.8435,17,0,27.1
2017-03-14 17:02:06:090,-0.2896,0.1627,-0.8277,17,0,27.1
2017-03-14 17:02:06:100,-0.2173,0.1706,-0.8119,17,0,27.1
2017-03-14 17:02:06:110,-0.1771,0.1706,-0.8198,17,0,27.1
2017-03-14 17:02:06:120,-0.2173,0.1627,-0.8435,17,0,27.1
2017-03-14 17:02:06:130,-0.2173,0.1469,-0.8119,17,0,27.1
2017-03-14 17:02:06:140,-0.2896,0.1548,-0.8198,17,0,27.1
2017-03-14 17:02:06:150,-0.2816,0.1389,-0.8119,17,0,27.1
2017-03-14 17:02:06:160,-0.2253,0.1548,-0.8435,17,0,27.1
2017-03-14 17:02:06:170,-0.2816,0.1548,-0.8356,17,0,27.1
2017-03-14 17:02:06:180,-0.2333,0.1627,-0.8514,17,0,27.1
2017-03-14 17:02:06:190,-0.1851,0.1548,-0.8119,17,0,27.1
2017-03-14 17:02:06:200,-0.1690,0.1627,-0.8277,17,0,27.1
2017-03-14 17:02:06:210,-0.2012,0.1389,-0.8356,17,0,27.1
2017-03-14 17:02:06:220,-0.3137,0.1310,-0.8672,17,0,27.1
2017-03-14 17:02:06:230,-0.2735,0.1548,-0.8514,17,0,27.1
2017-03-14 17:02:06:240,-0.3459,0.1864,-0.8514,17,0,27.1
2017-03-14 17:02:06:250,-0.2735,0.1785,-0.8119,17,0,27.1
2017-03-14 17:02:06:260,-0.3057,0.1706,-0.8593,17,0,27.1
2017-03-14 17:02:06:270,-0.3057,0.1706,-0.8277,17,0,27.1
2017-03-14 17:02:06:280,-0.2414,0.1785,-0.8277,17,0,27.1
2017-03-14 17:02:06:290,-0.2575,0.1785,-0.8514,17,0,27.1
2017-03-14 17:02:06:300,-0.2333,0.1864,-0.8277,17,0,27.1
2017-03-14 17:02:06:310,-0.3539,0.1548,-0.8277,17,0,27.1
2017-03-14 17:02:06:320,-0.2816,0.1706,-0.8277,17,0,27.1
2017-03-14 17:02:06:330,-0.2816,0.1389,-0.8356,17,0,27.1
2017-03-14 17:02:06:340,-0.2977,0.1706,-0.8198,17,0,27.1
2017-03-14 17:02:06:350,-0.2655,0.1548,-0.8198,17,0,27.1
2017-03-14 17:02:06:360,-0.2173,0.1706,-0.8356,17,0,27.1
2017-03-14 17:02:06:370,-0.1851,0.1864,-0.8198,17,0,27.1
2017-03-14 17:02:06:380,-0.2012,0.1469,-0.8435,17,0,27.1
2017-03-14 17:02:06:390,-0.2012,0.1706,-0.8119,17,0,27.1
2017-03-14 17:02:06:400,-0.2896,0.1706,-0.8356,17,0,27.1
2017-03-14 17:02:06:410,-0.3459,0.1706,-0.8435,17,0,27.1
2017-03-14 17:02:06:420,-0.4263,0.1389,-0.8277,17,0,27.1
2017-03-14 17:02:06:430,-0.2896,0.1627,-0.8435,17,0,27.1
2017-03-14 17:02:06:440,-0.2253,0.1706,-0.8119,17,0,27.1
2017-03-14 17:02:06:450,-0.2012,0.1785,-0.8040,17,0,27.1
2017-03-14 17:02:06:460,-0.2012,0.1706,-0.8198,17,0,27.1
2017-03-14 17:02:06:470,-0.2655,0.1548,-0.8672,17,0,27.1
2017-03-14 17:02:06:480,-0.3620,0.1231,-0.8514,17,0,27.1
2017-03-14 17:02:06:490,-0.3298,0.1389,-0.8593,17,0,27.1
2017-03-14 17:02:06:500,-0.3218,0.1548,-0.8198,17,0,27.1
2017-03-14 17:02:06:510,-0.3137,0.1864,-0.8435,17,0,27.1
2017-03-14 17:02:06:520,-0.2414,0.1864,-0.8356,17,0,27.1
2017-03-14 17:02:06:530,-0.2655,0.2102,-0.8119,17,0,27.1
2017-03-14 17:02:06:540,-0.2414,0.1943,-0.7961,17,0,27.1
2017-03-14 17:02:06:550,-0.2575,0.2102,-0.8119,17,0,27.1
2017-03-14 17:02:06:560,-0.3218,0.2181,-0.8198,17,0,27.1
2017-03-14 17:02:06:570,-0.4906,0.1864,-0.8593,17,0,27.1
2017-03-14 17:02:06:580,-0.4665,0.1548,-0.8830,17,0,27.1
2017-03-14 17:02:06:590,-0.4022,0.1389,-0.8909,17,0,27.1
2017-03-14 17:02:06:600,-0.4343,0.2497,-0.9067,17,0,27.1
2017-03-14 17:02:06:610,-0.1368,0.0915,-0.8435,17,0,27.1
2017-03-14 17:02:06:620,-0.0966,0.1152,-0.8040,17,0,27.1
2017-03-14 17:02:06:630,-0.2012,0.2022,-0.7961,17,0,27.1
2017-03-14 17:02:06:640,-0.2253,0.1943,-0.8356,17,0,27.1
2017-03-14 17:02:06:650,-0.2977,0.1389,-0.8593,17,0,27.1
2017-03-14 17:02:06:660,-0.2655,0.1627,-0.8356,17,0,27.1
2017-03-14 17:02:06:670,-0.3218,0.1389,-0.8988,17,0,27.1
2017-03-14 17:02:06:680,-0.3620,0.2339,-0.8277,17,0,27.1
2017-03-14 17:02:06:690,-0.3700,0.2260,-0.8119,17,0,27.1
2017-03-14 17:02:06:700,-0.3218,0.1943,-0.8119,17,0,27.1
2017-03-14 17:02:06:710,-0.2494,0.1943,-0.7566,17,0,27.1
2017-03-14 17:02:06:720,-0.2173,0.2022,-0.8119,17,0,27.1
2017-03-14 17:02:06:730,-0.2173,0.2181,-0.8040,17,0,27.1
2017-03-14 17:02:06:740,-0.2333,0.1785,-0.8198,17,0,27.1
2017-03-14 17:02:06:750,-0.2253,0.1627,-0.8198,17,0,27.1
2017-03-14 17:02:06:760,-0.2173,0.1864,-0.7961,17,0,27.1
2017-03-14 17:02:06:770,-0.2333,0.1548,-0.7961,17,0,27.1
2017-03-14 17:02:06:780,-0.2012,0.1073,-0.7803,17,0,27.1
2017-03-14 17:02:06:790,-0.2575,0.2181,-0.8356,17,0,27.1
2017-03-14 17:02:06:800,-0.2977,0.1073,-0.8119,17,0,27.1
2017-03-14 17:02:06:810,-0.2012,0.6612,-0.8277,17,0,27.1
2017-03-14 17:02:06:820,0.2491,0.2339,-0.8593,17,0,27.1
2017-03-14 17:02:06:830,-0.4343,0.1943,-0.8672,17,0,27.1
2017-03-14 17:02:06:840,-0.1931,0.2655,-0.8277,17,0,27.1
2017-03-14 17:02:06:850,-0.1851,0.2814,-0.8119,17,0,27.1
2017-03-14 17:02:06:860,-0.1127,0.2814,-0.7882,17,0,27.1
2017-03-14 17:02:06:870,-0.1931,0.2655,-0.8040,17,0,27.1
2017-03-14 17:02:06:880,-0.1851,0.2181,-0.8040,17,0,27.1
2017-03-14 17:02:06:890,-0.0966,0.2102,-0.8435,17,0,27.1
2017-03-14 17:02:06:900,-0.0806,0.2655,-0.8593,17,0,27.1
2017-03-14 17:02:06:910,-0.2012,0.2972,-0.8119,17,0,27.1
2017-03-14 17:02:06:920,-0.2735,0.2576,-0.8119,17,0,27.1
2017-03-14 17:02:06:930,-0.2494,0.2497,-0.8277,17,0,27.1
2017-03-14 17:02:06:940,-0.1610,0.2339,-0.8119,17,0,27.1
2017-03-14 17:02:06:950,-0.1771,0.2655,-0.8119,17,0,27.1
2017-03-14 17:02:06:960,-0.2253,0.2576,-0.8435,17,0,27.1
2017-03-14 17:02:06:970,-0.1690,0.2655,-0.8356,17,0,27.1
2017-03-14 17:02:06:980,-0.1771,0.2972,-0.8277,17,0,27.1
2017-03-14 17:02:06:990,-0.1449,0.2735,-0.7961,17,0,27.1
