2017-03-14 20:58:30:010,-0.2173,1.0093,-0.0297,137,0,29.5
2017-03-14 20:58:30:020,-0.2092,1.0093,-0.0534,120,0,29.5
2017-03-14 20:58:30:030,-0.2414,1.0014,-0.0613,137,0,29.5
2017-03-14 20:58:30:040,-0.2092,0.9777,-0.0534,120,0,29.5
2017-03-14 20:58:30:050,-0.2092,0.9935,-0.0455,120,0,29.5
2017-03-14 20:58:30:060,-0.2414,1.0014,-0.0534,120,0,29.5
2017-03-14 20:58:30:070,-0.2173,1.0093,-0.0534,120,0,29.5
2017-03-14 20:58:30:080,-0.2173,0.9698,-0.0534,137,0,29.5
2017-03-14 20:58:30:090,-0.2333,0.9856,-0.0613,137,0,29.5
2017-03-14 20:58:30:100,-0.2414,0.9777,-0.0850,137,0,29.5
2017-03-14 20:58:30:110,-0.2092,0.9698,-0.0534,137,0,29.5
2017-03-14 20:58:30:120,-0.2253,0.9777,-0.0455,120,0,29.5
2017-03-14 20:58:30:130,-0.2012,0.9539,-0.0455,137,0,29.5
2017-03-14 20:58:30:140,-0.2012,0.9777,-0.0297,120,0,29.5
2017-03-14 20:58:30:150,-0.2012,0.9539,0.0256,120,0,29.5
2017-03-14 20:58:30:160,-0.2012,0.9856,-0.0139,120,0,29.5
2017-03-14 20:58:30:170,-0.1931,0.9698,-0.0218,137,0,29.5
2017-03-14 20:58:30:180,-0.2092,0.9777,-0.0297,120,0,29.5
2017-03-14 20:58:30:190,-0.1931,0.9856,-0.0060,120,0,29.5
2017-03-14 20:58:30:200,-0.2012,1.0014,-0.0218,120,0,29.5
2017-03-14 20:58:30:210,-0.1851,0.9856,-0.0376,120,0,29.5
2017-03-14 20:58:30:220,-0.1931,0.9698,-0.0218,137,0,29.5
2017-03-14 20:58:30:230,-0.2012,1.0014,-0.0297,120,0,29.5
2017-03-14 20:58:30:240,-0.1771,0.9619,-0.0139,120,0,29.5
2017-03-14 20:58:30:250,-0.1931,0.9935,-0.0139,120,0,29.5
2017-03-14 20:58:30:260,-0.2012,0.9935,-0.0376,137,0,29.5
2017-03-14 20:58:30:270,-0.2012,1.0172,-0.0534,137,0,29.5
2017-03-14 20:58:30:280,-0.1610,0.9619,-0.0455,137,0,29.5
2017-03-14 20:58:30:290,-0.1690,1.0014,-0.0297,120,0,29.5
2017-03-14 20:58:30:300,-0.1610,0.9777,-0.0455,137,0,29.5
2017-03-14 20:58:30:310,-0.1529,0.9935,-0.0376,137,0,29.5
2017-03-14 20:58:30:320,-0.1610,0.9856,-0.0139,137,0,29.5
2017-03-14 20:58:30:330,-0.1690,0.9856,-0.0376,137,0,29.5
2017-03-14 20:58:30:340,-0.1610,0.9777,-0.0139,137,0,29.5
2017-03-14 20:58:30:350,-0.1690,0.9856,-0.0218,137,0,29.5
2017-03-14 20:58:30:360,-0.1449,0.9856,0.0098,137,0,29.5
2017-03-14 20:58:30:370,-0.1529,0.9619,-0.0139,137,0,29.5
2017-03-14 20:58:30:380,-0.1610,0.9935,-0.0297,137,0,29.5
2017-03-14 20:58:30:390,-0.1610,0.9777,-0.0297,137,0,29.5
2017-03-14 20:58:30:400,-0.1529,0.9856,-0.0534,137,0,29.5
2017-03-14 20:58:30:410,-0.1690,0.9935,-0.0455,120,0,29.5
2017-03-14 20:58:30:420,-0.1529,0.9935,-0.0297,137,0,29.5
2017-03-14 20:58:30:430,-0.1690,1.0093,0.0414,120,0,29.5
2017-03-14 20:58:30:440,-0.1529,0.9935,-0.0376,137,0,29.5
2017-03-14 20:58:30:450,-0.1851,0.9935,-0.0534,137,0,29.5
2017-03-14 20:58:30:460,-0.1771,0.9935,-0.0376,137,0,29.5
2017-03-14 20:58:30:470,-0.1690,0.9856,-0.0376,137,0,29.5
2017-03-14 20:58:30:480,-0.1851,0.9698,0.0019,137,0,29.5
2017-03-14 20:58:30:490,-0.1771,0.9698,-0.0297,137,0,29.5
2017-03-14 20:58:30:500,-0.1449,0.9698,-0.0297,137,0,29.5
2017-03-14 20:58:30:510,-0.1851,1.0172,-0.0218,137,0,29.5
2017-03-14 20:58:30:520,-0.1931,1.0093,-0.0139,137,0,29.5
2017-03-14 20:58:30:530,-0.2012,0.9856,-0.0455,137,0,29.5
2017-03-14 20:58:30:540,-0.1931,0.9935,-0.0534,137,0,29.5
2017-03-14 20:58:30:550,-0.1690,0.9856,-0.0455,137,0,29.5
2017-03-14 20:58:30:560,-0.1771,0.9777,-0.0297,137,0,29.5
2017-03-14 20:58:30:570,-0.1851,0.9935,-0.0376,137,0,29.5
2017-03-14 20:58:30:580,-0.1771,0.9935,-0.0297,137,0,29.5
2017-03-14 20:58:30:590,-0.1931,0.9698,-0.0139,137,0,29.5
2017-03-14 20:58:30:600,-0.1529,0.9698,-0.0376,137,0,29.5
2017-03-14 20:58:30:610,-0.1690,0.9777,-0.0376,137,0,29.5
2017-03-14 20:58:30:620,-0.1529,0.9856,-0.0297,137,0,29.5
2017-03-14 20:58:30:630,-0.1771,0.9777,-0.0218,137,0,29.5
2017-03-14 20:58:30:640,-0.1851,1.0093,-0.0218,137,0,29.5
2017-03-14 20:58:30:650,-0.1610,0.9935,-0.0218,137,0,29.5
2017-03-14 20:58:30:660,-0.1771,0.9777,-0.0297,137,0,29.5
2017-03-14 20:58:30:670,-0.1610,0.9777,-0.0139,137,0,29.5
2017-03-14 20:58:30:680,-0.1690,1.0014,-0.0139,137,0,29.5
2017-03-14 20:58:30:690,-0.1610,0.9777,-0.0139,137,0,29.5
2017-03-14 20:58:30:700,-0.1449,0.9856,-0.0297,137,0,29.5
2017-03-14 20:58:30:710,-0.1449,0.9856,-0.0534,137,0,29.5
2017-03-14 20:58:30:720,-0.1368,0.9935,-0.0139,137,0,29.5
2017-03-14 20:58:30:730,-0.1529,1.0093,-0.0376,137,0,29.5
2017-03-14 20:58:30:740,-0.1288,0.9777,-0.0139,137,0,29.5
2017-03-14 20:58:30:750,-0.1449,0.9777,-0.0060,137,0,29.5
2017-03-14 20:58:30:760,-0.1449,0.9698,0.0335,137,0,29.5
2017-03-14 20:58:30:770,-0.1610,0.9935,-0.0218,137,0,29.5
2017-03-14 20:58:30:780,-0.1690,0.9935,-0.0139,137,0,29.5
2017-03-14 20:58:30:790,-0.1288,0.9777,-0.0139,137,0,29.5
2017-03-14 20:58:30:800,-0.1690,1.0014,-0.0455,137,0,29.5
2017-03-14 20:58:30:810,-0.1610,0.9935,-0.0218,137,0,29.5
2017-03-14 20:58:30:820,-0.1288,0.9856,-0.0060,137,0,29.5
2017-03-14 20:58:30:830,-0.1368,0.9777,-0.0218,137,0,29.5
2017-03-14 20:58:30:840,-0.1771,0.9935,-0.0060,137,0,29.5
2017-03-14 20:58:30:850,-0.1449,1.0014,-0.0455,137,0,29.5
2017-03-14 20:58:30:860,-0.1690,1.0093,-0.0297,137,0,29.5
2017-03-14 20:58:30:870,-0.1931,1.0014,-0.0297,137,0,29.5
2017-03-14 20:58:30:880,-0.1771,0.9935,-0.0139,137,0,29.5
2017-03-14 20:58:30:890,-0.1690,0.9935,-0.0139,137,0,29.5
2017-03-14 20:58:30:900,-0.1690,0.9698,-0.0455,137,0,29.5
2017-03-14 20:58:30:910,-0.1771,1.0014,-0.0455,137,0,29.5
2017-03-14 20:58:30:920,-0.1690,1.0014,-0.0218,137,0,29.5
2017-03-14 20:58:30:930,-0.1771,0.9935,-0.0218,137,0,29.5
2017-03-14 20:58:30:940,-0.1851,0.9777,-0.0218,137,0,29.5
2017-03-14 20:58:30:950,-0.1851,0.9935,-0.0139,137,0,29.5
2017-03-14 20:58:30:960,-0.1851,0.9856,-0.0376,137,0,29.5
2017-03-14 20:58:30:970,-0.1771,0.9777,-0.0060,137,0,29.5
2017-03-14 20:58:30:980,-0.1771,0.9856,-0.0218,137,0,29.5
2017-03-14 20:58:30:990,-0.1931,0.9856,-0.0218,137,0,29.5
2017-03-14 20:58:31:000,-0.1690,0.9619,-0.0376,137,0,29.5
2017-03-14 20:58:31:010,-0.1771,0.9935,-0.0534,137,0,29.5
2017-03-14 20:58:31:020,-0.2092,1.0014,-0.0218,137,0,29.5
2017-03-14 20:58:31:030,-0.1931,0.9856,-0.0297,137,0,29.5
2017-03-14 20:58:31:040,-0.1931,0.9777,-0.0455,137,0,29.5
2017-03-14 20:58:31:050,-0.1931,0.9935,-0.0297,137,0,29.5
2017-03-14 20:58:31:060,-0.1851,0.9777,-0.0534,137,0,29.5
2017-03-14 20:58:31:070,-0.1931,0.9935,-0.0534,137,0,29.5
2017-03-14 20:58:31:080,-0.1931,0.9856,-0.0060,137,0,29.5
2017-03-14 20:58:31:090,-0.1851,0.9777,-0.0376,137,0,29.5
2017-03-14 20:58:31:100,-0.1851,0.9777,-0.0297,137,0,29.5
2017-03-14 20:58:31:110,-0.1771,0.9935,-0.0139,137,0,29.5
2017-03-14 20:58:31:120,-0.1851,0.9856,-0.0376,137,0,29.5
2017-03-14 20:58:31:130,-0.1931,0.9935,-0.0139,137,0,29.5
2017-03-14 20:58:31:140,-0.1851,0.9698,-0.0139,137,0,29.5
2017-03-14 20:58:31:150,-0.1851,0.9856,-0.0297,137,0,29.5
2017-03-14 20:58:31:160,-0.1931,0.9935,-0.0218,137,0,29.5
2017-03-14 20:58:31:170,-0.1610,0.9619,-0.0376,137,0,29.5
2017-03-14 20:58:31:180,-0.1771,1.0093,0.0019,137,0,29.5
2017-03-14 20:58:31:190,-0.1690,0.9935,-0.0534,137,0,29.5
2017-03-14 20:58:31:200,-0.1771,0.9777,-0.0534,137,0,29.5
2017-03-14 20:58:31:210,-0.1771,1.0172,-0.0534,137,0,29.5
2017-03-14 20:58:31:220,-0.1610,1.0093,-0.0139,137,0,29.5
2017-03-14 20:58:31:230,-0.1771,1.0014,-0.0297,137,0,29.5
2017-03-14 20:58:31:240,-0.1610,0.9777,-0.0376,137,0,29.5
2017-03-14 20:58:31:250,-0.1690,1.0093,-0.0297,137,0,29.5
2017-03-14 20:58:31:260,-0.1771,0.9698,-0.0297,137,0,29.5
2017-03-14 20:58:31:270,-0.1610,0.9777,-0.0376,137,0,29.5
2017-03-14 20:58:31:280,-0.1610,0.9698,-0.0376,137,0,29.5
2017-03-14 20:58:31:290,-0.1851,0.9856,-0.0139,137,0,29.5
2017-03-14 20:58:31:300,-0.1529,0.9698,-0.0218,137,0,29.5
2017-03-14 20:58:31:310,-0.1449,0.9777,-0.0297,137,0,29.5
2017-03-14 20:58:31:320,-0.1771,0.9935,-0.0218,137,0,29.5
2017-03-14 20:58:31:330,-0.1771,0.9856,-0.0139,137,0,29.5
2017-03-14 20:58:31:340,-0.1771,0.9856,-0.0060,137,0,29.5
2017-03-14 20:58:31:350,-0.1610,0.9698,0.0019,137,0,29.5
2017-03-14 20:58:31:360,-0.1610,0.9777,-0.0060,137,0,29.5
2017-03-14 20:58:31:370,-0.1851,0.9935,-0.0139,137,0,29.5
2017-03-14 20:58:31:380,-0.2012,0.9935,-0.0060,137,0,29.5
2017-03-14 20:58:31:390,-0.1690,0.9935,-0.0218,137,0,29.5
2017-03-14 20:58:31:400,-0.1690,0.9777,-0.0376,137,0,29.5
2017-03-14 20:58:31:410,-0.1771,0.9935,-0.0376,137,0,29.5
2017-03-14 20:58:31:420,-0.1851,0.9777,-0.0218,137,0,29.5
2017-03-14 20:58:31:430,-0.1690,0.9777,-0.0297,137,0,29.5
2017-03-14 20:58:31:440,-0.1690,0.9935,-0.0455,137,0,29.5
2017-03-14 20:58:31:450,-0.1771,0.9935,-0.0455,137,0,29.5
2017-03-14 20:58:31:460,-0.1690,0.9856,-0.0455,137,0,29.5
2017-03-14 20:58:31:470,-0.1690,0.9856,-0.0376,137,0,29.5
2017-03-14 20:58:31:480,-0.1931,0.9856,-0.0692,137,0,29.5
2017-03-14 20:58:31:490,-0.2012,0.9856,-0.0692,137,0,29.5
2017-03-14 20:58:31:500,-0.1851,0.9777,-0.0455,137,0,29.5
2017-03-14 20:58:31:510,-0.1851,0.9856,-0.0376,137,0,29.5
2017-03-14 20:58:31:520,-0.1771,0.9856,-0.0455,137,0,29.5
2017-03-14 20:58:31:530,-0.1931,0.9856,-0.0534,137,0,29.5
2017-03-14 20:58:31:540,-0.1690,0.9856,0.0019,137,0,29.5
2017-03-14 20:58:31:550,-0.1771,0.9935,-0.0297,137,0,29.5
2017-03-14 20:58:31:560,-0.1690,0.9935,-0.0218,137,0,29.5
2017-03-14 20:58:31:570,-0.1449,0.9698,-0.0297,137,0,29.5
2017-03-14 20:58:31:580,-0.1529,0.9935,-0.0297,137,0,29.5
2017-03-14 20:58:31:590,-0.1690,1.0014,0.0019,137,0,29.5
2017-03-14 20:58:31:600,-0.1529,0.9856,-0.0218,137,0,29.5
2017-03-14 20:58:31:610,-0.1610,1.0014,0.0019,137,0,29.5
2017-03-14 20:58:31:620,-0.1529,0.9856,-0.0218,137,0,29.5
2017-03-14 20:58:31:630,-0.1529,0.9856,-0.0218,137,0,29.5
2017-03-14 20:58:31:640,-0.1368,0.9619,-0.0376,137,0,29.5
2017-03-14 20:58:31:650,-0.1529,0.9777,-0.0455,137,0,29.5
2017-03-14 20:58:31:660,-0.1368,0.9856,-0.0139,137,0,29.5
2017-03-14 20:58:31:670,-0.1529,0.9935,-0.0455,137,0,29.5
2017-03-14 20:58:31:680,-0.1610,0.9777,-0.0297,137,0,29.5
2017-03-14 20:58:31:690,-0.1368,0.9935,0.0019,137,0,29.5
2017-03-14 20:58:31:700,-0.1368,0.9777,-0.0297,137,0,29.5
2017-03-14 20:58:31:710,-0.1368,0.9777,-0.0218,137,0,29.5
2017-03-14 20:58:31:720,-0.1368,0.9777,-0.0218,137,0,29.5
2017-03-14 20:58:31:730,-0.1449,0.9935,-0.0218,137,0,29.5
2017-03-14 20:58:31:740,-0.1368,0.9856,-0.0297,137,0,29.5
2017-03-14 20:58:31:750,-0.1771,0.9935,-0.0534,137,0,29.5
2017-03-14 20:58:31:760,-0.1771,1.0014,-0.0218,137,0,29.5
2017-03-14 20:58:31:770,-0.1771,1.0014,-0.0297,137,0,29.5
2017-03-14 20:58:31:780,-0.1690,1.0014,-0.0534,137,0,29.5
2017-03-14 20:58:31:790,-0.1529,0.9856,-0.0455,137,0,29.5
2017-03-14 20:58:31:800,-0.1931,1.0014,-0.0297,137,0,29.5
2017-03-14 20:58:31:810,-0.1771,0.9935,-0.0218,137,0,29.5
2017-03-14 20:58:31:820,-0.1610,0.9777,-0.0376,137,0,29.5
2017-03-14 20:58:31:830,-0.1771,0.9856,-0.0297,137,0,29.5
2017-03-14 20:58:31:840,-0.1690,0.9777,-0.0613,137,0,29.5
2017-03-14 20:58:31:850,-0.1771,0.9698,-0.0534,137,0,29.5
2017-03-14 20:58:31:860,-0.1690,1.0014,-0.0534,137,0,29.5
2017-03-14 20:58:31:870,-0.1529,0.9935,-0.0297,137,0,29.5
2017-03-14 20:58:31:880,-0.1690,0.9698,-0.0455,137,0,29.5
2017-03-14 20:58:31:890,-0.1931,0.9856,-0.0297,137,0,29.5
2017-03-14 20:58:31:900,-0.1449,1.0014,-0.0534,137,0,29.5
2017-03-14 20:58:31:910,-0.1529,0.9777,-0.0376,137,0,29.5
2017-03-14 20:58:31:920,-0.1449,1.0093,-0.0218,137,0,29.5
2017-03-14 20:58:31:930,-0.1851,0.9856,-0.0218,137,0,29.5
2017-03-14 20:58:31:940,-0.1610,1.0014,-0.0297,137,0,29.5
2017-03-14 20:58:31:950,-0.1449,1.0014,-0.0534,137,0,29.5
2017-03-14 20:58:31:960,-0.1690,0.9935,-0.0297,137,0,29.5
2017-03-14 20:58:31:970,-0.1771,1.0093,-0.0455,137,0,29.5
2017-03-14 20:58:31:980,-0.1610,0.9698,-0.0139,137,0,29.5
2017-03-14 20:58:31:990,-0.1690,1.0014,-0.0455,137,0,29.5
2017-03-14 20:58:32:000,-0.1610,0.9777,-0.0218,137,0,29.5
2017-03-14 20:58:32:010,-0.1610,0.9935,-0.0297,137,0,29.5
2017-03-14 20:58:32:020,-0.1771,1.0014,-0.0534,137,0,29.5
2017-03-14 20:58:32:030,-0.1931,1.0093,-0.0218,137,0,29.5
2017-03-14 20:58:32:040,-0.1610,0.9935,-0.0139,137,0,29.5
2017-03-14 20:58:32:050,-0.1610,1.0093,-0.0218,137,0,29.5
2017-03-14 20:58:32:060,-0.1610,0.9935,-0.0534,137,0,29.5
2017-03-14 20:58:32:070,-0.1771,1.0014,-0.0534,137,0,29.5
2017-03-14 20:58:32:080,-0.1690,0.9856,-0.0534,137,0,29.5
2017-03-14 20:58:32:090,-0.1690,0.9856,-0.0218,137,0,29.5
2017-03-14 20:58:32:100,-0.1449,0.9539,-0.0297,137,0,29.5
2017-03-14 20:58:32:110,-0.1771,0.9935,-0.0376,137,0,29.5
2017-03-14 20:58:32:120,-0.1610,0.9619,-0.0060,137,0,29.5
2017-03-14 20:58:32:130,-0.1610,0.9856,-0.0534,137,0,29.5
2017-03-14 20:58:32:140,-0.1690,0.9698,-0.0455,137,0,29.5
2017-03-14 20:58:32:150,-0.1610,0.9856,-0.0455,137,0,29.5
2017-03-14 20:58:32:160,-0.1449,0.9777,-0.0534,137,0,29.5
2017-03-14 20:58:32:170,-0.1771,0.9935,-0.0534,137,0,29.5
2017-03-14 20:58:32:180,-0.1610,0.9698,-0.0297,137,0,29.5
2017-03-14 20:58:32:190,-0.1690,0.9856,-0.0297,137,0,29.5
2017-03-14 20:58:32:200,-0.1610,0.9856,-0.0060,137,0,29.5
2017-03-14 20:58:32:210,-0.1690,1.0014,-0.0297,137,0,29.5
2017-03-14 20:58:32:220,-0.1529,0.9935,-0.0218,137,0,29.5
2017-03-14 20:58:32:230,-0.1690,1.0014,-0.0218,137,0,29.5
2017-03-14 20:58:32:240,-0.1610,0.9935,-0.0297,137,0,29.5
2017-03-14 20:58:32:250,-0.1610,0.9619,-0.0534,137,0,29.5
2017-03-14 20:58:32:260,-0.1529,1.0093,-0.0139,137,0,29.5
2017-03-14 20:58:32:270,-0.1690,0.9698,-0.0455,137,0,29.5
2017-03-14 20:58:32:280,-0.1610,0.9935,-0.0218,137,0,29.5
2017-03-14 20:58:32:290,-0.1610,0.9856,-0.0534,137,0,29.5
2017-03-14 20:58:32:300,-0.1449,1.0014,-0.0376,137,0,29.5
2017-03-14 20:58:32:310,-0.1529,0.9460,-0.0534,137,0,29.5
2017-03-14 20:58:32:320,-0.1610,0.9856,-0.0139,137,0,29.5
2017-03-14 20:58:32:330,-0.1529,0.9698,-0.0376,137,0,29.5
2017-03-14 20:58:32:340,-0.1851,0.9777,-0.0297,137,0,29.5
2017-03-14 20:58:32:350,-0.1771,0.9935,-0.0534,137,0,29.5
2017-03-14 20:58:32:360,-0.1610,1.0093,-0.0534,137,0,29.5
2017-03-14 20:58:32:370,-0.1771,0.9935,-0.0850,137,0,29.5
2017-03-14 20:58:32:380,-0.1771,0.9935,-0.0139,137,0,29.5
2017-03-14 20:58:32:390,-0.1690,1.0014,-0.0376,137,0,29.5
2017-03-14 20:58:32:400,-0.1449,0.9935,-0.0139,137,0,29.5
2017-03-14 20:58:32:410,-0.1610,0.9777,-0.0376,137,0,29.5
2017-03-14 20:58:32:420,-0.1529,0.9777,-0.0534,137,0,29.5
2017-03-14 20:58:32:430,-0.1610,0.9777,-0.0297,137,0,29.5
2017-03-14 20:58:32:440,-0.1529,0.9935,-0.0297,137,0,29.5
2017-03-14 20:58:32:450,-0.1529,0.9777,-0.0139,137,0,29.5
2017-03-14 20:58:32:460,-0.1529,0.9856,-0.0297,137,0,29.5
2017-03-14 20:58:32:470,-0.1610,1.0014,-0.0139,137,0,29.5
2017-03-14 20:58:32:480,-0.1529,0.9856,-0.0376,137,0,29.5
2017-03-14 20:58:32:490,-0.1610,0.9935,-0.0455,137,0,29.5
2017-03-14 20:58:32:500,-0.1610,1.0014,-0.0376,137,0,29.5
2017-03-14 20:58:32:510,-0.1690,1.0014,-0.0376,137,0,29.5
2017-03-14 20:58:32:520,-0.1610,0.9935,-0.0297,137,0,29.5
2017-03-14 20:58:32:530,-0.1771,0.9698,-0.0297,137,0,29.5
2017-03-14 20:58:32:540,-0.1771,0.9856,-0.0297,137,0,29.5
2017-03-14 20:58:32:550,-0.1771,0.9777,-0.0534,137,0,29.5
2017-03-14 20:58:32:560,-0.1771,0.9935,-0.0534,137,0,29.5
2017-03-14 20:58:32:570,-0.2012,1.0014,-0.0218,137,0,29.5
2017-03-14 20:58:32:580,-0.1690,1.0014,0.0019,137,0,29.5
2017-03-14 20:58:32:590,-0.1529,0.9856,-0.0534,137,0,29.5
2017-03-14 20:58:32:600,-0.1690,1.0093,-0.0376,137,0,29.5
2017-03-14 20:58:32:610,-0.1690,1.0014,-0.0376,137,0,29.5
2017-03-14 20:58:32:620,-0.1851,1.0014,-0.0534,137,0,29.5
2017-03-14 20:58:32:630,-0.1610,0.9777,-0.0376,137,0,29.5
2017-03-14 20:58:32:640,-0.1610,0.9856,-0.0376,137,0,29.5
2017-03-14 20:58:32:650,-0.1610,0.9935,-0.0139,137,0,29.5
2017-03-14 20:58:32:660,-0.1449,0.9777,-0.0534,137,0,29.5
2017-03-14 20:58:32:670,-0.1771,0.9935,-0.0455,137,0,29.5
2017-03-14 20:58:32:680,-0.1449,0.9856,-0.0613,137,0,29.5
2017-03-14 20:58:32:690,-0.1771,0.9935,-0.0297,137,0,29.5
2017-03-14 20:58:32:700,-0.1690,0.9935,-0.0534,137,0,29.5
2017-03-14 20:58:32:710,-0.1690,1.0014,-0.0455,137,0,29.5
2017-03-14 20:58:32:720,-0.1851,1.0014,-0.0692,137,0,29.5
2017-03-14 20:58:32:730,-0.1771,0.9935,-0.0376,137,0,29.5
2017-03-14 20:58:32:740,-0.1690,0.9777,-0.0376,137,0,29.5
2017-03-14 20:58:32:750,-0.1690,0.9856,-0.0455,137,0,29.5
2017-03-14 20:58:32:760,-0.1610,1.0014,-0.0455,137,0,29.5
2017-03-14 20:58:32:770,-0.1851,0.9856,-0.0455,137,0,29.5
2017-03-14 20:58:32:780,-0.1610,0.9856,-0.0297,137,0,29.5
2017-03-14 20:58:32:790,-0.1771,0.9856,-0.0376,137,0,29.5
2017-03-14 20:58:32:800,-0.1690,0.9777,-0.0534,137,0,29.5
2017-03-14 20:58:32:810,-0.1529,0.9935,-0.0534,137,0,29.5
2017-03-14 20:58:32:820,-0.1931,0.9935,-0.0534,137,0,29.5
2017-03-14 20:58:32:830,-0.1690,1.0093,-0.0218,137,0,29.5
2017-03-14 20:58:32:840,-0.1690,0.9935,-0.0455,137,0,29.5
2017-03-14 20:58:32:850,-0.1690,0.9698,-0.0534,137,0,29.5
2017-03-14 20:58:32:860,-0.1368,0.9698,-0.0297,137,0,29.5
2017-03-14 20:58:32:870,-0.1529,0.9935,-0.0534,137,0,29.5
2017-03-14 20:58:32:880,-0.1529,0.9935,-0.0534,137,0,29.5
2017-03-14 20:58:32:890,-0.1690,0.9935,-0.0455,137,0,29.5
2017-03-14 20:58:32:900,-0.1610,1.0172,-0.0455,137,0,29.5
2017-03-14 20:58:32:910,-0.1690,1.0014,-0.0297,137,0,29.5
2017-03-14 20:58:32:920,-0.1529,1.0014,-0.0376,137,0,29.5
2017-03-14 20:58:32:930,-0.1690,1.0014,-0.0139,137,0,29.5
2017-03-14 20:58:32:940,-0.1449,0.9856,-0.0534,137,0,29.5
2017-03-14 20:58:32:950,-0.1529,1.0014,-0.0218,137,0,29.5
2017-03-14 20:58:32:960,-0.1529,0.9935,-0.0455,137,0,29.5
2017-03-14 20:58:32:970,-0.1690,0.9777,-0.0297,137,0,29.5
2017-03-14 20:58:32:980,-0.1368,0.9856,-0.0534,137,0,29.5
2017-03-14 20:58:32:990,-0.1529,0.9777,-0.0297,137,0,29.5
2017-03-14 20:58:33:000,-0.1690,1.0093,-0.0455,137,0,29.3
2017-03-14 20:58:33:010,-0.1529,0.9777,-0.0376,137,0,29.3
2017-03-14 20:58:33:020,-0.1771,1.0172,-0.0455,137,0,29.3
2017-03-14 20:58:33:030,-0.1529,0.9856,-0.0534,137,0,29.3
2017-03-14 20:58:33:040,-0.1449,0.9856,-0.0455,137,0,29.3
2017-03-14 20:58:33:050,-0.1771,0.9856,-0.0534,137,0,29.3
2017-03-14 20:58:33:060,-0.1529,0.9935,-0.0455,137,0,29.3
2017-03-14 20:58:33:070,-0.1690,0.9856,-0.0297,137,0,29.3
2017-03-14 20:58:33:080,-0.1771,1.0093,-0.0613,137,0,29.3
2017-03-14 20:58:33:090,-0.1690,0.9935,-0.0376,137,0,29.3
2017-03-14 20:58:33:100,-0.1690,0.9777,-0.0534,137,0,29.3
2017-03-14 20:58:33:110,-0.1368,0.9698,-0.0455,137,0,29.3
2017-03-14 20:58:33:120,-0.1529,0.9856,-0.0297,137,0,29.3
2017-03-14 20:58:33:130,-0.1449,0.9698,-0.0455,137,0,29.3
2017-03-14 20:58:33:140,-0.1610,0.9777,-0.0376,137,0,29.3
2017-03-14 20:58:33:150,-0.1529,0.9698,-0.0455,137,0,29.3
2017-03-14 20:58:33:160,-0.1449,1.0014,-0.0218,137,0,29.3
2017-03-14 20:58:33:170,-0.1449,0.9777,-0.0455,137,0,29.3
2017-03-14 20:58:33:180,-0.1529,1.0014,-0.0455,137,0,29.3
2017-03-14 20:58:33:190,-0.1690,0.9935,-0.0139,137,0,29.3
2017-03-14 20:58:33:200,-0.1368,0.9856,-0.0534,137,0,29.3
2017-03-14 20:58:33:210,-0.1529,0.9698,-0.0376,137,0,29.3
2017-03-14 20:58:33:220,-0.1690,0.9698,-0.0613,137,0,29.3
2017-03-14 20:58:33:230,-0.1529,0.9619,-0.0613,137,0,29.3
2017-03-14 20:58:33:240,-0.1449,1.0093,-0.0376,137,0,29.3
2017-03-14 20:58:33:250,-0.1690,0.9777,-0.0297,137,0,29.3
2017-03-14 20:58:33:260,-0.1529,0.9935,-0.0297,137,0,29.3
2017-03-14 20:58:33:270,-0.1690,0.9935,-0.0139,137,0,29.3
2017-03-14 20:58:33:280,-0.1690,0.9935,-0.0297,137,0,29.3
2017-03-14 20:58:33:290,-0.1529,0.9856,-0.0376,137,0,29.3
2017-03-14 20:58:33:300,-0.1771,0.9935,-0.0534,137,0,29.3
2017-03-14 20:58:33:310,-0.1851,1.0172,-0.0218,137,0,29.3
2017-03-14 20:58:33:320,-0.1610,0.9777,-0.0376,137,0,29.3
2017-03-14 20:58:33:330,-0.1449,0.9777,-0.0455,137,0,29.3
2017-03-14 20:58:33:340,-0.1610,0.9856,-0.0455,137,0,29.3
2017-03-14 20:58:33:350,-0.1529,0.9935,-0.0455,137,0,29.3
2017-03-14 20:58:33:360,-0.1690,1.0093,-0.0297,137,0,29.3
2017-03-14 20:58:33:370,-0.1690,0.9777,-0.0534,137,0,29.3
2017-03-14 20:58:33:380,-0.1851,1.0093,-0.0455,137,0,29.3
2017-03-14 20:58:33:390,-0.1771,1.0093,-0.0455,137,0,29.3
2017-03-14 20:58:33:400,-0.1851,0.9935,-0.0534,137,0,29.3
2017-03-14 20:58:33:410,-0.1771,1.0014,-0.0534,137,0,29.3
2017-03-14 20:58:33:420,-0.1529,0.9856,-0.0297,137,0,29.3
2017-03-14 20:58:33:430,-0.1449,0.9777,-0.0534,137,0,29.3
2017-03-14 20:58:33:440,-0.1610,0.9935,-0.0455,137,0,29.3
2017-03-14 20:58:33:450,-0.1690,0.9777,-0.0534,137,0,29.3
2017-03-14 20:58:33:460,-0.1771,0.9935,-0.0534,137,0,29.3
2017-03-14 20:58:33:470,-0.1610,0.9935,-0.0376,137,0,29.3
2017-03-14 20:58:33:480,-0.1529,1.0014,-0.0534,137,0,29.3
2017-03-14 20:58:33:490,-0.1288,0.9698,-0.0297,137,0,29.3
2017-03-14 20:58:33:500,-0.1610,0.9539,-0.0455,137,0,29.3
2017-03-14 20:58:33:510,-0.1529,0.9777,-0.0455,137,0,29.3
2017-03-14 20:58:33:520,-0.1931,0.9856,-0.0534,137,0,29.3
2017-03-14 20:58:33:530,-0.1529,0.9856,-0.0455,137,0,29.3
2017-03-14 20:58:33:540,-0.1690,0.9935,-0.0376,137,0,29.3
2017-03-14 20:58:33:550,-0.1771,0.9777,-0.0534,137,0,29.3
2017-03-14 20:58:33:560,-0.1690,0.9935,-0.0297,137,0,29.3
2017-03-14 20:58:33:570,-0.1610,1.0014,-0.0297,137,0,29.3
2017-03-14 20:58:33:580,-0.1610,0.9856,-0.0534,137,0,29.3
2017-03-14 20:58:33:590,-0.1771,0.9935,-0.0376,137,0,29.3
2017-03-14 20:58:33:600,-0.1690,0.9619,-0.0534,137,0,29.3
2017-03-14 20:58:33:610,-0.1529,1.0014,-0.0376,137,0,29.3
2017-03-14 20:58:33:620,-0.1529,0.9935,-0.0534,137,0,29.3
2017-03-14 20:58:33:630,-0.1690,0.9698,-0.0613,137,0,29.3
2017-03-14 20:58:33:640,-0.1690,0.9856,-0.0455,137,0,29.3
2017-03-14 20:58:33:650,-0.1771,1.0093,-0.0297,137,0,29.3
2017-03-14 20:58:33:660,-0.1690,1.0014,-0.0534,137,0,29.3
2017-03-14 20:58:33:670,-0.1529,0.9856,-0.0455,137,0,29.3
2017-03-14 20:58:33:680,-0.1610,1.0331,-0.0218,137,0,29.3
2017-03-14 20:58:33:690,-0.1529,1.0014,-0.0218,137,0,29.3
2017-03-14 20:58:33:700,-0.1529,0.9935,-0.0297,137,0,29.3
2017-03-14 20:58:33:710,-0.1529,0.9856,-0.0534,137,0,29.3
2017-03-14 20:58:33:720,-0.1610,0.9935,0.0019,137,0,29.3
2017-03-14 20:58:33:730,-0.1690,0.9777,-0.0297,137,0,29.3
2017-03-14 20:58:33:740,-0.1610,1.0093,-0.0139,137,0,29.3
2017-03-14 20:58:33:750,-0.1610,1.0014,-0.0218,154,0,29.3
2017-03-14 20:58:33:760,-0.1690,1.0331,-0.0060,137,0,29.3
2017-03-14 20:58:33:770,-0.1529,0.9935,-0.0297,137,0,29.3
2017-03-14 20:58:33:780,-0.1529,1.0093,-0.0060,137,0,29.3
2017-03-14 20:58:33:790,-0.1208,0.9856,-0.0297,137,0,29.3
2017-03-14 20:58:33:800,-0.1368,1.0093,-0.0455,137,0,29.3
2017-03-14 20:58:33:810,-0.1449,1.0410,0.0019,137,0,29.3
2017-03-14 20:58:33:820,-0.1449,1.0093,-0.0376,137,0,29.3
2017-03-14 20:58:33:830,-0.1288,1.0172,-0.0455,137,0,29.3
2017-03-14 20:58:33:840,-0.1208,0.9935,-0.0534,137,0,29.3
2017-03-14 20:58:33:850,-0.1368,0.9777,-0.0534,154,0,29.3
2017-03-14 20:58:33:860,-0.1529,1.0014,-0.0613,137,0,29.3
2017-03-14 20:58:33:870,-0.1368,0.9856,-0.0376,154,0,29.3
2017-03-14 20:58:33:880,-0.1288,0.9698,-0.0534,137,0,29.3
2017-03-14 20:58:33:890,-0.1288,0.9619,-0.0455,137,0,29.3
2017-03-14 20:58:33:900,-0.1449,0.9777,-0.0534,137,0,29.3
2017-03-14 20:58:33:910,-0.1368,0.9698,-0.0534,137,0,29.3
2017-03-14 20:58:33:920,-0.1529,1.0014,-0.0534,137,0,29.3
2017-03-14 20:58:33:930,-0.1529,0.9856,-0.0060,137,0,29.3
2017-03-14 20:58:33:940,-0.1127,0.9777,-0.0139,137,0,29.3
2017-03-14 20:58:33:950,-0.1208,0.9777,-0.0139,137,0,29.3
2017-03-14 20:58:33:960,-0.1288,0.9777,-0.0139,137,0,29.3
2017-03-14 20:58:33:970,-0.1127,0.9539,-0.0060,137,0,29.3
2017-03-14 20:58:33:980,-0.1127,0.9777,-0.0139,137,0,29.3
2017-03-14 20:58:33:990,-0.1288,0.9698,-0.0218,137,0,29.3
2017-03-14 20:58:34:000,-0.1127,0.9698,-0.0139,154,0,29.3
2017-03-14 20:58:34:010,-0.1127,0.9777,-0.0218,137,0,29.3
2017-03-14 20:58:34:020,-0.1288,0.9777,-0.0139,137,0,29.3
2017-03-14 20:58:34:030,-0.1127,0.9777,-0.0218,137,0,29.3
2017-03-14 20:58:34:040,-0.0886,1.0014,-0.0297,137,0,29.3
2017-03-14 20:58:34:050,-0.0966,1.0093,-0.0297,137,0,29.3
2017-03-14 20:58:34:060,-0.1449,1.0252,-0.0297,137,0,29.3
2017-03-14 20:58:34:070,-0.1368,1.0093,-0.0376,137,0,29.3
2017-03-14 20:58:34:080,-0.1288,1.0172,-0.0692,137,0,29.3
2017-03-14 20:58:34:090,-0.1368,1.0093,-0.0534,137,0,29.3
2017-03-14 20:58:34:100,-0.1690,1.0410,-0.0850,137,0,29.3
2017-03-14 20:58:34:110,-0.1529,1.0014,-0.0534,137,0,29.3
2017-03-14 20:58:34:120,-0.1368,0.9856,-0.0534,137,0,29.3
2017-03-14 20:58:34:130,-0.1771,1.0172,-0.0613,137,0,29.3
2017-03-14 20:58:34:140,-0.1931,0.9935,-0.0771,137,0,29.3
2017-03-14 20:58:34:150,-0.1690,0.9698,-0.0692,137,0,29.3
2017-03-14 20:58:34:160,-0.1851,0.9777,-0.0534,137,0,29.3
2017-03-14 20:58:34:170,-0.1771,0.9698,-0.0297,137,0,29.3
2017-03-14 20:58:34:180,-0.1851,0.9777,-0.0534,137,0,29.3
2017-03-14 20:58:34:190,-0.1851,0.9619,-0.0455,137,0,29.3
2017-03-14 20:58:34:200,-0.1771,0.9619,-0.0376,137,0,29.3
2017-03-14 20:58:34:210,-0.2012,1.0014,-0.0376,137,0,29.3
2017-03-14 20:58:34:220,-0.1529,0.9856,-0.0376,137,0,29.3
2017-03-14 20:58:34:230,-0.1690,0.9856,-0.0060,137,0,29.3
2017-03-14 20:58:34:240,-0.1690,0.9935,-0.0455,137,0,29.3
2017-03-14 20:58:34:250,-0.1529,1.0172,-0.0139,137,0,29.3
2017-03-14 20:58:34:260,-0.1931,1.0093,-0.0376,137,0,29.3
2017-03-14 20:58:34:270,-0.1690,0.9777,-0.0218,137,0,29.3
2017-03-14 20:58:34:280,-0.1368,0.9935,-0.0692,137,0,29.3
2017-03-14 20:58:34:290,-0.1529,0.9777,-0.0534,137,0,29.3
2017-03-14 20:58:34:300,-0.1610,1.0014,-0.0613,137,0,29.3
2017-03-14 20:58:34:310,-0.1529,1.0014,-0.0376,137,0,29.3
2017-03-14 20:58:34:320,-0.1449,0.9856,-0.0534,137,0,29.3
2017-03-14 20:58:34:330,-0.1529,1.0014,-0.0613,137,0,29.3
2017-03-14 20:58:34:340,-0.1288,0.9935,-0.0613,137,0,29.3
2017-03-14 20:58:34:350,-0.1449,1.0093,-0.0534,137,0,29.3
2017-03-14 20:58:34:360,-0.1368,1.0093,-0.0534,137,0,29.3
2017-03-14 20:58:34:370,-0.1529,0.9777,-0.0376,137,0,29.3
2017-03-14 20:58:34:380,-0.1449,0.9935,-0.0376,137,0,29.3
2017-03-14 20:58:34:390,-0.1529,0.9698,-0.0297,137,0,29.3
2017-03-14 20:58:34:400,-0.1529,0.9856,-0.0455,137,0,29.3
2017-03-14 20:58:34:410,-0.1449,0.9698,-0.0376,137,0,29.3
2017-03-14 20:58:34:420,-0.1610,0.9777,-0.0455,137,0,29.3
2017-03-14 20:58:34:430,-0.1610,0.9935,-0.0534,154,0,29.3
2017-03-14 20:58:34:440,-0.1449,1.0014,-0.0218,137,0,29.3
2017-03-14 20:58:34:450,-0.1771,1.0014,-0.0455,137,0,29.3
2017-03-14 20:58:34:460,-0.1690,1.0252,-0.0534,137,0,29.3
2017-03-14 20:58:34:470,-0.1851,0.9777,-0.0534,137,0,29.3
2017-03-14 20:58:34:480,-0.1449,0.9698,-0.0534,137,0,29.3
2017-03-14 20:58:34:490,-0.1529,0.9856,-0.0455,137,0,29.3
2017-03-14 20:58:34:500,-0.1449,0.9856,-0.0376,137,0,29.3
2017-03-14 20:58:34:510,-0.1690,0.9856,-0.0692,137,0,29.3
2017-03-14 20:58:34:520,-0.1529,0.9777,-0.0376,137,0,29.3
2017-03-14 20:58:34:530,-0.1449,0.9777,-0.0218,137,0,29.3
2017-03-14 20:58:34:540,-0.1529,1.0093,-0.0297,137,0,29.3
2017-03-14 20:58:34:550,-0.1449,0.9856,-0.0455,137,0,29.3
2017-03-14 20:58:34:560,-0.1368,0.9935,-0.0297,137,0,29.3
2017-03-14 20:58:34:570,-0.1368,0.9856,-0.0455,137,0,29.3
2017-03-14 20:58:34:580,-0.1368,0.9935,-0.0534,137,0,29.3
2017-03-14 20:58:34:590,-0.1368,0.9777,-0.0534,137,0,29.3
2017-03-14 20:58:34:600,-0.1449,0.9856,-0.0534,137,0,29.3
2017-03-14 20:58:34:610,-0.1529,0.9777,-0.0297,137,0,29.3
2017-03-14 20:58:34:620,-0.1368,0.9698,-0.0534,137,0,29.3
2017-03-14 20:58:34:630,-0.1610,1.0014,-0.0534,137,0,29.3
2017-03-14 20:58:34:640,-0.1771,0.9856,-0.0613,154,0,29.3
2017-03-14 20:58:34:650,-0.1610,0.9935,-0.0376,137,0,29.3
2017-03-14 20:58:34:660,-0.1931,0.9856,-0.0613,137,0,29.3
2017-03-14 20:58:34:670,-0.1771,0.9856,-0.0376,137,0,29.3
2017-03-14 20:58:34:680,-0.1771,0.9935,-0.0455,137,0,29.3
2017-03-14 20:58:34:690,-0.1771,1.0093,-0.0139,137,0,29.3
2017-03-14 20:58:34:700,-0.1449,1.0014,-0.0455,154,0,29.3
2017-03-14 20:58:34:710,-0.1529,0.9935,-0.0376,154,0,29.3
2017-03-14 20:58:34:720,-0.1610,0.9698,-0.0455,137,0,29.3
2017-03-14 20:58:34:730,-0.1449,0.9777,-0.0376,137,0,29.3
2017-03-14 20:58:34:740,-0.1368,0.9619,-0.0376,137,0,29.3
2017-03-14 20:58:34:750,-0.1529,0.9935,-0.0297,154,0,29.3
2017-03-14 20:58:34:760,-0.1529,0.9856,-0.0455,137,0,29.3
2017-03-14 20:58:34:770,-0.1449,0.9935,-0.0455,154,0,29.3
2017-03-14 20:58:34:780,-0.1368,0.9460,-0.0455,137,0,29.3
2017-03-14 20:58:34:790,-0.1368,0.9777,-0.0534,137,0,29.3
2017-03-14 20:58:34:800,-0.1288,0.9935,-0.0376,154,0,29.3
2017-03-14 20:58:34:810,-0.1368,0.9935,-0.0060,137,0,29.3
2017-03-14 20:58:34:820,-0.1368,1.0331,0.0019,137,0,29.3
2017-03-14 20:58:34:830,-0.1208,0.9777,-0.0139,154,0,29.3
2017-03-14 20:58:34:840,-0.1288,0.9935,-0.0060,154,0,29.3
2017-03-14 20:58:34:850,-0.1368,1.0014,-0.0534,137,0,29.3
2017-03-14 20:58:34:860,-0.1208,1.0014,-0.0297,137,0,29.3
2017-03-14 20:58:34:870,-0.1368,0.9935,-0.0534,137,0,29.3
2017-03-14 20:58:34:880,-0.1449,1.0014,-0.0534,137,0,29.3
2017-03-14 20:58:34:890,-0.1610,0.9698,-0.0850,137,0,29.3
2017-03-14 20:58:34:900,-0.1690,0.9619,-0.0534,137,0,29.3
2017-03-14 20:58:34:910,-0.1690,0.9935,-0.0692,137,0,29.3
2017-03-14 20:58:34:920,-0.1771,0.9777,-0.0534,137,0,29.3
2017-03-14 20:58:34:930,-0.1851,0.9856,-0.0692,137,0,29.3
2017-03-14 20:58:34:940,-0.1931,0.9935,-0.0534,137,0,29.3
2017-03-14 20:58:34:950,-0.1771,0.9619,-0.0534,137,0,29.3
2017-03-14 20:58:34:960,-0.1771,0.9777,-0.0455,137,0,29.3
2017-03-14 20:58:34:970,-0.1610,0.9856,-0.0297,137,0,29.3
2017-03-14 20:58:34:980,-0.1610,0.9856,-0.0376,137,0,29.3
2017-03-14 20:58:34:990,-0.1529,1.0172,-0.0534,154,0,29.3
2017-03-14 20:58:35:000,-0.1610,0.9777,-0.0534,137,0,29.3
2017-03-14 20:58:35:010,-0.1529,0.9777,-0.0297,137,0,29.3
2017-03-14 20:58:35:020,-0.1529,0.9539,-0.0297,137,0,29.3
2017-03-14 20:58:35:030,-0.1449,0.9619,-0.0455,137,0,29.3
2017-03-14 20:58:35:040,-0.1368,0.9856,-0.0455,154,0,29.3
2017-03-14 20:58:35:050,-0.1529,0.9856,-0.0613,154,0,29.3
2017-03-14 20:58:35:060,-0.1771,0.9777,-0.0692,137,0,29.3
2017-03-14 20:58:35:070,-0.1529,0.9856,-0.0534,137,0,29.3
2017-03-14 20:58:35:080,-0.1368,0.9777,-0.0534,154,0,29.3
2017-03-14 20:58:35:090,-0.1288,0.9935,-0.0376,137,0,29.3
2017-03-14 20:58:35:100,-0.1610,0.9935,-0.0692,154,0,29.3
2017-03-14 20:58:35:110,-0.1449,0.9935,-0.0613,154,0,29.3
2017-03-14 20:58:35:120,-0.1208,0.9935,-0.0218,137,0,29.3
2017-03-14 20:58:35:130,-0.1449,0.9935,-0.0534,154,0,29.3
2017-03-14 20:58:35:140,-0.1208,0.9777,-0.0534,137,0,29.3
2017-03-14 20:58:35:150,-0.1288,0.9619,-0.0534,137,0,29.3
2017-03-14 20:58:35:160,-0.1610,0.9935,-0.0297,137,0,29.3
2017-03-14 20:58:35:170,-0.1610,0.9777,-0.0534,137,0,29.3
2017-03-14 20:58:35:180,-0.1368,0.9935,-0.0455,154,0,29.3
2017-03-14 20:58:35:190,-0.1610,0.9935,-0.0376,137,0,29.3
2017-03-14 20:58:35:200,-0.1368,0.9856,-0.0534,137,0,29.3
2017-03-14 20:58:35:210,-0.1610,1.0093,-0.0455,137,0,29.3
2017-03-14 20:58:35:220,-0.1610,1.0093,-0.0534,137,0,29.3
2017-03-14 20:58:35:230,-0.1529,0.9935,-0.0692,154,0,29.3
2017-03-14 20:58:35:240,-0.1690,1.0093,-0.0534,137,0,29.3
2017-03-14 20:58:35:250,-0.1449,0.9698,-0.0376,154,0,29.3
2017-03-14 20:58:35:260,-0.1368,0.9777,-0.0376,137,0,29.3
2017-03-14 20:58:35:270,-0.1449,0.9539,-0.0534,137,0,29.3
2017-03-14 20:58:35:280,-0.1529,0.9935,-0.0455,137,0,29.3
2017-03-14 20:58:35:290,-0.1529,0.9777,-0.0534,154,0,29.3
2017-03-14 20:58:35:300,-0.1529,0.9856,-0.0534,137,0,29.3
2017-03-14 20:58:35:310,-0.1368,0.9777,-0.0534,137,0,29.3
2017-03-14 20:58:35:320,-0.1449,0.9935,-0.0376,154,0,29.3
2017-03-14 20:58:35:330,-0.1449,0.9698,-0.0771,137,0,29.3
2017-03-14 20:58:35:340,-0.1449,0.9777,-0.0534,154,0,29.3
2017-03-14 20:58:35:350,-0.1368,0.9935,-0.0613,137,0,29.3
2017-03-14 20:58:35:360,-0.1529,1.0093,-0.0376,137,0,29.3
2017-03-14 20:58:35:370,-0.1368,0.9856,-0.0534,137,0,29.3
2017-03-14 20:58:35:380,-0.1771,0.9935,-0.0534,154,0,29.3
2017-03-14 20:58:35:390,-0.1851,1.0014,-0.0534,137,0,29.3
2017-03-14 20:58:35:400,-0.1449,0.9935,-0.0613,137,0,29.3
2017-03-14 20:58:35:410,-0.1449,0.9856,-0.0376,137,0,29.3
2017-03-14 20:58:35:420,-0.1610,0.9935,-0.0534,137,0,29.3
2017-03-14 20:58:35:430,-0.1690,0.9935,-0.0376,137,0,29.3
2017-03-14 20:58:35:440,-0.1690,1.0172,-0.0534,137,0,29.3
2017-03-14 20:58:35:450,-0.1449,1.0014,-0.0455,137,0,29.3
2017-03-14 20:58:35:460,-0.1610,0.9856,-0.0297,154,0,29.3
2017-03-14 20:58:35:470,-0.1690,0.9856,-0.0534,154,0,29.3
2017-03-14 20:58:35:480,-0.1771,0.9935,-0.0534,154,0,29.3
2017-03-14 20:58:35:490,-0.1690,0.9856,-0.0534,137,0,29.3
2017-03-14 20:58:35:500,-0.1771,0.9698,-0.0455,137,0,29.3
2017-03-14 20:58:35:510,-0.1931,0.9777,-0.0534,154,0,29.3
2017-03-14 20:58:35:520,-0.1690,0.9777,-0.0850,137,0,29.3
2017-03-14 20:58:35:530,-0.1851,0.9856,-0.0534,154,0,29.3
2017-03-14 20:58:35:540,-0.1851,0.9698,-0.0692,154,0,29.3
2017-03-14 20:58:35:550,-0.2012,0.9935,-0.1087,137,0,29.3
2017-03-14 20:58:35:560,-0.1771,0.9619,-0.0613,137,0,29.3
2017-03-14 20:58:35:570,-0.1851,0.9777,-0.0692,137,0,29.3
2017-03-14 20:58:35:580,-0.1771,0.9856,-0.0455,154,0,29.3
2017-03-14 20:58:35:590,-0.2012,0.9777,-0.0929,137,0,29.3
2017-03-14 20:58:35:600,-0.2012,0.9777,-0.1166,154,0,29.3
2017-03-14 20:58:35:610,-0.2012,0.9777,-0.0850,137,0,29.3
2017-03-14 20:58:35:620,-0.2012,0.9698,-0.0929,137,0,29.3
2017-03-14 20:58:35:630,-0.1771,0.9856,-0.0929,137,0,29.3
2017-03-14 20:58:35:640,-0.2012,0.9856,-0.0771,154,0,29.3
2017-03-14 20:58:35:650,-0.1931,0.9777,-0.0613,154,0,29.3
2017-03-14 20:58:35:660,-0.1851,0.9539,-0.0929,154,0,29.3
2017-03-14 20:58:35:670,-0.1851,0.9460,-0.0692,137,0,29.3
2017-03-14 20:58:35:680,-0.2012,0.9698,-0.0850,137,0,29.3
2017-03-14 20:58:35:690,-0.2012,0.9460,-0.0771,154,0,29.3
2017-03-14 20:58:35:700,-0.2012,0.9935,-0.0692,137,0,29.3
2017-03-14 20:58:35:710,-0.2012,0.9698,-0.0692,154,0,29.3
2017-03-14 20:58:35:720,-0.2012,0.9698,-0.0692,137,0,29.3
2017-03-14 20:58:35:730,-0.2092,0.9856,-0.0613,154,0,29.3
2017-03-14 20:58:35:740,-0.2012,0.9619,-0.0692,137,0,29.3
2017-03-14 20:58:35:750,-0.2012,0.9698,-0.0850,154,0,29.3
2017-03-14 20:58:35:760,-0.1931,0.9777,-0.0850,154,0,29.3
2017-03-14 20:58:35:770,-0.2173,0.9698,-0.0850,154,0,29.3
2017-03-14 20:58:35:780,-0.1851,0.9619,-0.0692,154,0,29.3
2017-03-14 20:58:35:790,-0.2012,0.9935,-0.0929,154,0,29.3
2017-03-14 20:58:35:800,-0.2012,0.9777,-0.1008,154,0,29.3
2017-03-14 20:58:35:810,-0.2092,0.9777,-0.0929,154,0,29.3
2017-03-14 20:58:35:820,-0.2012,0.9777,-0.1008,154,0,29.3
2017-03-14 20:58:35:830,-0.2173,0.9935,-0.1166,154,0,29.3
2017-03-14 20:58:35:840,-0.2012,1.0014,-0.0850,154,0,29.3
2017-03-14 20:58:35:850,-0.2012,1.0014,-0.1008,154,0,29.3
2017-03-14 20:58:35:860,-0.1851,1.0014,-0.1087,154,0,29.3
2017-03-14 20:58:35:870,-0.1931,1.0093,-0.0929,154,0,29.3
2017-03-14 20:58:35:880,-0.1368,0.9856,-0.1008,154,0,29.3
2017-03-14 20:58:35:890,-0.1449,0.9856,-0.1008,154,0,29.3
2017-03-14 20:58:35:900,-0.1208,0.9777,-0.1245,154,0,29.3
2017-03-14 20:58:35:910,-0.1288,0.9935,-0.1087,154,0,29.3
2017-03-14 20:58:35:920,-0.1047,0.9539,-0.1087,154,0,29.3
2017-03-14 20:58:35:930,-0.1047,0.9619,-0.1245,154,0,29.3
2017-03-14 20:58:35:940,-0.0966,0.9777,-0.1324,154,0,29.3
2017-03-14 20:58:35:950,-0.0725,0.9460,-0.1403,154,0,29.3
2017-03-14 20:58:35:960,-0.0966,0.9698,-0.1561,154,0,29.3
2017-03-14 20:58:35:970,-0.0806,0.9777,-0.1719,154,0,29.3
2017-03-14 20:58:35:980,-0.0806,0.9777,-0.1482,154,0,29.3
2017-03-14 20:58:35:990,-0.0564,0.9856,-0.1482,154,0,29.3
2017-03-14 20:58:36:000,-0.0564,0.9698,-0.1640,154,0,29.5
2017-03-14 20:58:36:010,-0.0323,0.9302,-0.1719,154,0,29.5
2017-03-14 20:58:36:020,-0.0645,0.9302,-0.1798,154,0,29.5
2017-03-14 20:58:36:030,-0.0484,0.9223,-0.1956,154,0,29.5
2017-03-14 20:58:36:040,-0.0323,0.8906,-0.1719,154,0,29.5
2017-03-14 20:58:36:050,-0.0886,0.9381,-0.1956,154,0,29.5
2017-03-14 20:58:36:060,-0.0806,0.9223,-0.2035,154,0,29.5
2017-03-14 20:58:36:070,-0.0966,0.9144,-0.2035,154,0,29.5
2017-03-14 20:58:36:080,-0.0966,0.9381,-0.1798,154,0,29.5
2017-03-14 20:58:36:090,-0.0966,0.9381,-0.2272,154,0,29.5
2017-03-14 20:58:36:100,-0.0886,0.9223,-0.2351,154,0,29.5
2017-03-14 20:58:36:110,-0.1288,0.9065,-0.2035,154,0,29.5
2017-03-14 20:58:36:120,-0.1288,0.9302,-0.2272,154,0,29.5
2017-03-14 20:58:36:130,-0.1690,0.9302,-0.2193,154,0,29.5
2017-03-14 20:58:36:140,-0.1771,0.8986,-0.2430,154,0,29.5
2017-03-14 20:58:36:150,-0.1610,0.9144,-0.2114,154,0,29.5
2017-03-14 20:58:36:160,-0.1610,0.9302,-0.2588,154,0,29.5
2017-03-14 20:58:36:170,-0.2012,0.9223,-0.2588,154,0,29.5
2017-03-14 20:58:36:180,-0.2173,0.9065,-0.2588,154,0,29.5
2017-03-14 20:58:36:190,-0.2655,0.9144,-0.2193,154,0,29.5
2017-03-14 20:58:36:200,-0.2575,0.8906,-0.2588,154,0,29.5
2017-03-14 20:58:36:210,-0.2896,0.8827,-0.2509,154,0,29.5
2017-03-14 20:58:36:220,-0.2575,0.9223,-0.1798,154,0,29.5
2017-03-14 20:58:36:230,-0.2333,0.8906,-0.1640,154,0,29.5
2017-03-14 20:58:36:240,-0.2012,0.9065,-0.1561,154,0,29.5
2017-03-14 20:58:36:250,-0.1771,0.9065,-0.1245,154,0,29.5
2017-03-14 20:58:36:260,-0.1851,0.9381,-0.1245,154,0,29.5
2017-03-14 20:58:36:270,-0.1529,0.9144,-0.1324,154,0,29.5
2017-03-14 20:58:36:280,-0.1449,0.9065,-0.1166,154,0,29.5
2017-03-14 20:58:36:290,-0.1449,0.8906,-0.1324,154,0,29.5
2017-03-14 20:58:36:300,-0.1529,0.9065,-0.1719,154,0,29.5
2017-03-14 20:58:36:310,-0.1368,0.8906,-0.1324,154,0,29.5
2017-03-14 20:58:36:320,-0.1690,0.9302,-0.1561,154,0,29.5
2017-03-14 20:58:36:330,-0.1690,0.9144,-0.1482,154,0,29.5
2017-03-14 20:58:36:340,-0.1690,0.8906,-0.1087,154,0,29.5
2017-03-14 20:58:36:350,-0.1127,0.9144,-0.1798,137,0,29.5
2017-03-14 20:58:36:360,-0.0886,0.9065,-0.1324,154,0,29.5
2017-03-14 20:58:36:370,-0.0725,0.9302,-0.1166,137,0,29.5
2017-03-14 20:58:36:380,-0.0725,0.9777,-0.1403,154,0,29.5
2017-03-14 20:58:36:390,-0.0323,0.9460,-0.0771,137,0,29.5
2017-03-14 20:58:36:400,-0.0243,0.9539,-0.0534,137,0,29.5
2017-03-14 20:58:36:410,-0.0082,0.9381,-0.0376,137,0,29.5
2017-03-14 20:58:36:420,0.0079,0.9539,0.0019,137,0,29.5
2017-03-14 20:58:36:430,-0.0002,0.9539,0.0572,137,0,29.5
2017-03-14 20:58:36:440,-0.0082,0.9619,0.0335,137,0,29.5
2017-03-14 20:58:36:450,-0.0404,0.9460,0.0414,137,0,29.5
2017-03-14 20:58:36:460,-0.0323,0.9065,0.0493,137,0,29.5
2017-03-14 20:58:36:470,-0.0162,0.8827,0.0019,137,0,29.5
2017-03-14 20:58:36:480,-0.0082,0.8115,-0.0139,137,0,29.5
2017-03-14 20:58:36:490,0.0400,0.7245,0.0019,137,0,29.5
2017-03-14 20:58:36:500,0.0400,0.6454,0.0177,137,0,29.5
2017-03-14 20:58:36:510,-0.0002,0.5979,-0.0139,137,0,29.5
2017-03-14 20:58:36:520,-0.0564,0.5900,0.0177,137,0,29.5
2017-03-14 20:58:36:530,-0.0725,0.5741,0.0414,137,0,29.5
2017-03-14 20:58:36:540,-0.1047,0.5662,0.0730,137,0,29.5
2017-03-14 20:58:36:550,-0.1288,0.6295,0.1125,137,0,29.5
2017-03-14 20:58:36:560,-0.1529,0.7007,0.1125,137,0,29.5
2017-03-14 20:58:36:570,-0.1931,0.7878,0.1046,137,0,29.5
2017-03-14 20:58:36:580,-0.2494,0.9460,0.0888,137,0,29.5
2017-03-14 20:58:36:590,-0.2414,1.0331,0.0651,137,0,29.5
2017-03-14 20:58:36:600,-0.2816,1.1122,0.1204,137,0,29.5
2017-03-14 20:58:36:610,-0.2655,1.1676,0.1125,137,0,29.5
2017-03-14 20:58:36:620,-0.2173,1.1439,0.1362,137,0,29.5
2017-03-14 20:58:36:630,-0.2012,1.1122,0.0967,137,0,29.5
2017-03-14 20:58:36:640,-0.1771,1.0647,0.1994,137,0,29.5
2017-03-14 20:58:36:650,-0.1690,1.0172,0.1599,137,0,29.5
2017-03-14 20:58:36:660,-0.1288,0.9539,0.1678,137,0,29.5
2017-03-14 20:58:36:670,-0.1047,0.8986,0.1994,137,0,29.5
2017-03-14 20:58:36:680,-0.0725,0.8511,0.1994,137,0,29.5
2017-03-14 20:58:36:690,-0.0725,0.7957,0.1441,137,0,29.5
2017-03-14 20:58:36:700,-0.1127,0.7561,0.1046,137,0,29.5
2017-03-14 20:58:36:710,-0.1449,0.7087,0.0651,137,0,29.5
2017-03-14 20:58:36:720,-0.2012,0.7166,0.0414,137,0,29.5
2017-03-14 20:58:36:730,-0.2092,0.7245,-0.0139,137,0,29.5
2017-03-14 20:58:36:740,-0.2012,0.7482,-0.0613,137,0,29.5
2017-03-14 20:58:36:750,-0.2012,0.7640,-0.0850,137,0,29.5
2017-03-14 20:58:36:760,-0.1851,0.7482,-0.0534,137,0,29.5
2017-03-14 20:58:36:770,-0.1851,0.7324,-0.1561,137,0,29.5
2017-03-14 20:58:36:780,-0.1610,0.7878,-0.1561,137,0,29.5
2017-03-14 20:58:36:790,-0.1690,0.8115,-0.2509,137,0,29.5
2017-03-14 20:58:36:800,-0.2092,0.8432,-0.2904,137,0,29.5
2017-03-14 20:58:36:810,-0.2575,0.8590,-0.3062,137,0,29.5
2017-03-14 20:58:36:820,-0.2896,0.8115,-0.3062,137,0,29.5
2017-03-14 20:58:36:830,-0.2012,0.8115,-0.3299,137,0,29.5
2017-03-14 20:58:36:840,-0.2012,0.8986,-0.3615,137,0,29.5
2017-03-14 20:58:36:850,-0.2012,0.9065,-0.2351,137,0,29.5
2017-03-14 20:58:36:860,-0.2012,0.9065,-0.3615,137,0,29.5
2017-03-14 20:58:36:870,-0.1610,0.8827,-0.3141,137,0,29.5
2017-03-14 20:58:36:880,-0.2735,0.8986,-0.3062,137,0,29.5
2017-03-14 20:58:36:890,-0.3298,0.9698,-0.3062,137,0,29.5
2017-03-14 20:58:36:900,-0.3218,1.0093,-0.2667,137,0,29.5
2017-03-14 20:58:36:910,-0.2655,1.0331,-0.2114,137,0,29.5
2017-03-14 20:58:36:920,-0.2253,1.0172,-0.1877,154,0,29.5
2017-03-14 20:58:36:930,-0.2414,0.9539,-0.1482,137,0,29.5
2017-03-14 20:58:36:940,-0.2977,0.9539,-0.0850,154,0,29.5
2017-03-14 20:58:36:950,-0.4022,0.8669,-0.0534,137,0,29.5
2017-03-14 20:58:36:960,-0.4102,0.7482,0.0256,137,0,29.5
2017-03-14 20:58:36:970,-0.4585,0.6612,0.0572,154,0,29.5
2017-03-14 20:58:36:980,-0.5469,0.5741,0.0967,154,0,29.5
2017-03-14 20:58:36:990,-0.6595,0.5504,0.1441,137,0,29.5
2017-03-14 20:58:37:000,-0.7318,0.5504,0.2310,154,0,29.5
2017-03-14 20:58:37:010,-0.7560,0.5108,0.2705,154,0,29.5
2017-03-14 20:58:37:020,-0.7640,0.5346,0.4443,154,0,29.5
2017-03-14 20:58:37:030,-0.7158,0.4475,0.4917,154,0,29.5
2017-03-14 20:58:37:040,-1.2545,0.4871,0.4285,137,0,29.5
2017-03-14 20:58:37:050,-1.4314,0.6374,0.5866,137,0,29.5
2017-03-14 20:58:37:060,-1.3831,0.8590,0.5787,120,0,29.5
2017-03-14 20:58:37:070,-1.4233,0.8590,0.4601,120,0,29.5
2017-03-14 20:58:37:080,-1.5037,0.8669,0.4127,103,0,29.5
2017-03-14 20:58:37:090,-1.6324,0.8669,0.3653,86,0,29.5
2017-03-14 20:58:37:100,-1.8012,0.8986,0.3100,68,0,29.5
2017-03-14 20:58:37:110,-1.8736,0.9302,0.2547,68,0,29.5
2017-03-14 20:58:37:120,-2.1711,0.9381,0.2152,86,0,29.5
2017-03-14 20:58:37:130,-2.3078,0.8748,0.1678,86,0,29.5
2017-03-14 20:58:37:140,-2.2113,0.7166,0.0809,103,0,29.5
2017-03-14 20:58:37:150,-1.9299,0.5741,0.0177,120,0,29.5
2017-03-14 20:58:37:160,-1.4957,0.4080,0.0967,120,0,29.5
2017-03-14 20:58:37:170,-1.2384,0.3605,0.1520,137,0,29.5
2017-03-14 20:58:37:180,-0.9731,0.2972,0.1994,137,0,29.5
2017-03-14 20:58:37:190,-0.7962,0.2181,0.1678,137,0,29.5
2017-03-14 20:58:37:200,-0.6836,0.1152,0.1994,137,0,29.5
2017-03-14 20:58:37:210,-0.6675,0.1152,0.1994,154,0,29.5
2017-03-14 20:58:37:220,-0.6756,0.0915,0.1994,154,0,29.5
2017-03-14 20:58:37:230,-0.6756,0.1231,0.1994,154,0,29.5
2017-03-14 20:58:37:240,-0.6997,0.1310,0.1994,154,0,29.5
2017-03-14 20:58:37:250,-0.6997,0.0836,0.2389,154,0,29.5
2017-03-14 20:58:37:260,-0.7399,0.0044,0.2468,154,0,29.5
2017-03-14 20:58:37:270,-0.7399,0.0282,0.2784,154,0,29.5
2017-03-14 20:58:37:280,-0.7560,0.0440,0.2863,154,0,29.5
2017-03-14 20:58:37:290,-0.7721,0.0598,0.2863,154,0,29.5
2017-03-14 20:58:37:300,-0.8042,-0.0035,0.2073,154,0,29.5
2017-03-14 20:58:37:310,-0.7721,0.0044,0.2310,154,0,29.5
2017-03-14 20:58:37:320,-0.7801,0.0044,0.1994,154,0,29.5
2017-03-14 20:58:37:330,-0.8042,-0.0272,0.1757,154,0,29.5
2017-03-14 20:58:37:340,-0.8444,-0.0114,0.1520,137,0,29.5
2017-03-14 20:58:37:350,-0.8766,-0.0114,0.1520,154,0,29.5
2017-03-14 20:58:37:360,-0.9409,-0.0114,0.1678,137,0,29.5
2017-03-14 20:58:37:370,-0.9811,-0.0984,0.1204,154,0,29.5
2017-03-14 20:58:37:380,-0.9891,-0.1222,0.1204,137,0,29.5
2017-03-14 20:58:37:390,-1.0535,-0.1380,0.0888,137,0,29.5
2017-03-14 20:58:37:400,-1.0535,-0.2409,0.0256,137,0,29.5
2017-03-14 20:58:37:410,-1.0454,-0.4149,0.0809,137,0,29.5
2017-03-14 20:58:37:420,-1.0776,-0.5257,0.1441,137,0,29.5
2017-03-14 20:58:37:430,-1.1178,-0.6761,0.2547,137,0,29.5
2017-03-14 20:58:37:440,-1.1258,-0.7235,0.4048,137,0,29.5
2017-03-14 20:58:37:450,-1.1258,-0.6523,0.4838,137,0,29.5
2017-03-14 20:58:37:460,-1.1339,-0.5099,0.5549,137,0,29.5
2017-03-14 20:58:37:470,-1.1660,-0.3279,0.5629,137,0,29.5
2017-03-14 20:58:37:480,-1.1660,-0.0668,0.4364,137,0,29.5
2017-03-14 20:58:37:490,-1.0696,0.1469,0.2942,137,0,29.5
2017-03-14 20:58:37:500,-1.0052,0.3526,0.1441,137,0,29.5
2017-03-14 20:58:37:510,-0.9248,0.3526,-0.0060,137,0,29.5
2017-03-14 20:58:37:520,-0.9248,0.2735,0.0177,137,0,29.5
2017-03-14 20:58:37:530,-0.9811,0.2418,0.2389,137,0,29.5
2017-03-14 20:58:37:540,-1.0133,0.0677,0.4364,137,0,29.5
2017-03-14 20:58:37:550,-1.0293,-0.0351,0.6577,137,0,29.5
2017-03-14 20:58:37:560,-0.9972,-0.0351,0.7999,137,0,29.5
2017-03-14 20:58:37:570,-0.8123,-0.0826,0.7525,137,0,29.5
2017-03-14 20:58:37:580,-0.8123,-0.0589,0.6735,120,0,29.5
2017-03-14 20:58:37:590,-0.8123,-0.1696,0.5787,120,0,29.5
2017-03-14 20:58:37:600,-0.8685,-0.3042,0.4838,120,0,29.5
2017-03-14 20:58:37:610,-0.9409,-0.4862,0.5233,120,0,29.5
2017-03-14 20:58:37:620,-0.8364,-0.4862,0.5629,120,0,29.5
2017-03-14 20:58:37:630,-0.7479,-0.5969,0.6498,120,0,29.5
2017-03-14 20:58:37:640,-0.6595,-0.5495,0.7051,103,0,29.5
2017-03-14 20:58:37:650,-0.6112,-0.5257,0.6814,120,0,29.5
2017-03-14 20:58:37:660,-0.5952,-0.4624,0.6498,103,0,29.5
2017-03-14 20:58:37:670,-0.5710,-0.3358,0.6182,120,0,29.5
2017-03-14 20:58:37:680,-0.5389,-0.2725,0.5154,120,0,29.5
2017-03-14 20:58:37:690,-0.4987,-0.2646,0.4522,120,0,29.5
2017-03-14 20:58:37:700,-0.4585,-0.3121,0.4522,120,0,29.5
2017-03-14 20:58:37:710,-0.5148,-0.3042,0.4364,120,0,29.5
2017-03-14 20:58:37:720,-0.5791,-0.3279,0.3890,120,0,29.5
2017-03-14 20:58:37:730,-0.6112,-0.3121,0.4285,120,0,29.5
2017-03-14 20:58:37:740,-0.5871,-0.2646,0.4048,120,0,29.5
2017-03-14 20:58:37:750,-0.5630,-0.2725,0.3495,120,0,29.5
2017-03-14 20:58:37:760,-0.6354,-0.2804,0.3574,103,0,29.5
2017-03-14 20:58:37:770,-0.7560,-0.2804,0.3890,103,0,29.5
2017-03-14 20:58:37:780,-0.9007,-0.2488,0.4522,103,0,29.5
2017-03-14 20:58:37:790,-0.9731,-0.2250,0.5708,103,0,29.5
2017-03-14 20:58:37:800,-1.0937,-0.2250,0.6340,103,0,29.5
2017-03-14 20:58:37:810,-1.1660,-0.1934,0.7130,86,0,29.5
2017-03-14 20:58:37:820,-1.2062,-0.1301,0.7525,86,0,29.5
2017-03-14 20:58:37:830,-1.1741,-0.1222,0.7525,86,0,29.5
2017-03-14 20:58:37:840,-1.1500,-0.1617,0.7683,86,0,29.5
2017-03-14 20:58:37:850,-1.0776,-0.1617,0.6893,68,0,29.5
2017-03-14 20:58:37:860,-0.9811,-0.1459,0.6577,68,0,29.5
2017-03-14 20:58:37:870,-0.9087,-0.1538,0.6340,68,0,29.5
2017-03-14 20:58:37:880,-0.8444,-0.1538,0.6735,51,0,29.5
2017-03-14 20:58:37:890,-0.7640,-0.1459,0.6498,51,0,29.5
2017-03-14 20:58:37:900,-0.8042,-0.0905,0.6656,51,0,29.5
2017-03-14 20:58:37:910,-0.7399,-0.0747,0.6340,34,0,29.5
2017-03-14 20:58:37:920,-0.6675,-0.1063,0.6261,34,0,29.5
2017-03-14 20:58:37:930,-0.6756,-0.1063,0.6182,17,0,29.5
2017-03-14 20:58:37:940,-0.6434,-0.0272,0.6498,17,0,29.5
2017-03-14 20:58:37:950,-0.6193,-0.0510,0.6972,0,0,29.5
2017-03-14 20:58:37:960,-0.6675,-0.1063,0.6735,0,0,29.5
2017-03-14 20:58:37:970,-0.6756,-0.0193,0.7051,0,0,29.5
2017-03-14 20:58:37:980,-0.6756,-0.0193,0.7288,0,0,29.5
2017-03-14 20:58:37:990,-0.6675,-0.0272,0.7130,0,0,29.5
2017-03-14 20:58:38:000,-0.7238,-0.0114,0.7367,0,0,29.5
2017-03-14 20:58:38:010,-0.7721,0.0282,0.7367,0,0,29.5
2017-03-14 20:58:38:020,-0.7962,0.0440,0.7841,0,0,29.5
2017-03-14 20:58:38:030,-0.7962,0.0123,0.7920,0,0,29.5
2017-03-14 20:58:38:040,-0.8203,0.0440,0.7920,0,0,29.5
2017-03-14 20:58:38:050,-0.8283,0.0440,0.8315,0,0,29.5
2017-03-14 20:58:38:060,-0.7881,-0.0114,0.8315,0,0,29.5
2017-03-14 20:58:38:070,-0.8203,0.0440,0.8394,0,0,29.5
2017-03-14 20:58:38:080,-0.7721,-0.0114,0.8473,0,0,29.5
2017-03-14 20:58:38:090,-0.8042,0.0044,0.8236,0,0,29.5
2017-03-14 20:58:38:100,-0.7560,-0.0114,0.8236,0,0,29.5
2017-03-14 20:58:38:110,-0.7238,-0.0272,0.7683,0,0,29.5
2017-03-14 20:58:38:120,-0.6997,0.0440,0.7920,0,0,29.5
2017-03-14 20:58:38:130,-0.6997,0.0836,0.8157,0,0,29.5
2017-03-14 20:58:38:140,-0.7640,0.0519,0.8236,0,0,29.5
2017-03-14 20:58:38:150,-0.7560,-0.0193,0.8394,0,0,29.5
2017-03-14 20:58:38:160,-0.7640,-0.0035,0.8157,0,0,29.5
2017-03-14 20:58:38:170,-0.7158,0.0044,0.8236,0,0,29.5
2017-03-14 20:58:38:180,-0.6756,0.0282,0.8236,0,0,29.5
2017-03-14 20:58:38:190,-0.7077,-0.0035,0.8552,0,0,29.5
2017-03-14 20:58:38:200,-0.7158,0.0282,0.8236,0,0,29.5
2017-03-14 20:58:38:210,-0.7158,0.0282,0.8394,0,0,29.5
2017-03-14 20:58:38:220,-0.7238,0.0203,0.8315,0,0,29.5
2017-03-14 20:58:38:230,-0.6997,0.0123,0.7841,0,0,29.5
2017-03-14 20:58:38:240,-0.6836,0.0440,0.8236,0,0,29.5
2017-03-14 20:58:38:250,-0.6916,0.0440,0.8157,0,0,29.5
2017-03-14 20:58:38:260,-0.6916,0.0282,0.7683,0,0,29.5
2017-03-14 20:58:38:270,-0.6675,0.0440,0.7604,0,0,29.5
2017-03-14 20:58:38:280,-0.6112,0.0440,0.7841,0,0,29.5
2017-03-14 20:58:38:290,-0.6193,-0.0351,0.7130,0,0,29.5
2017-03-14 20:58:38:300,-0.5791,0.0915,0.7999,0,0,29.5
2017-03-14 20:58:38:310,-0.7077,-0.0035,0.7999,0,0,29.5
2017-03-14 20:58:38:320,-0.7640,0.0440,0.8157,0,0,29.5
2017-03-14 20:58:38:330,-0.7640,0.0440,0.8315,0,0,29.5
2017-03-14 20:58:38:340,-0.7801,0.0044,0.8473,0,0,29.5
2017-03-14 20:58:38:350,-0.7801,0.0203,0.8868,0,0,29.5
2017-03-14 20:58:38:360,-0.7479,-0.0114,0.9105,0,0,29.5
2017-03-14 20:58:38:370,-0.7238,0.0044,0.8552,0,0,29.5
2017-03-14 20:58:38:380,-0.7158,-0.0035,0.8394,0,0,29.5
2017-03-14 20:58:38:390,-0.6997,-0.0114,0.8473,0,0,29.5
2017-03-14 20:58:38:400,-0.6836,-0.0114,0.7999,0,0,29.5
2017-03-14 20:58:38:410,-0.6193,-0.0035,0.8157,0,0,29.5
2017-03-14 20:58:38:420,-0.6595,-0.0351,0.7525,0,0,29.5
2017-03-14 20:58:38:430,-0.6273,-0.0272,0.7288,0,0,29.5
2017-03-14 20:58:38:440,-0.6514,-0.0114,0.7288,0,0,29.5
2017-03-14 20:58:38:450,-0.7077,-0.0430,0.7130,0,0,29.5
2017-03-14 20:58:38:460,-0.6112,-0.0668,0.7762,0,0,29.5
2017-03-14 20:58:38:470,-0.6756,-0.0035,0.7841,0,0,29.5
2017-03-14 20:58:38:480,-0.6756,-0.0747,0.7367,0,0,29.5
2017-03-14 20:58:38:490,-0.7158,-0.0826,0.7999,0,0,29.5
2017-03-14 20:58:38:500,-0.6997,-0.1063,0.8236,0,0,29.5
2017-03-14 20:58:38:510,-0.7238,-0.0905,0.7604,0,0,29.5
2017-03-14 20:58:38:520,-0.7560,-0.1063,0.7841,0,0,29.5
2017-03-14 20:58:38:530,-0.7399,-0.0826,0.7367,0,0,29.5
2017-03-14 20:58:38:540,-0.7881,-0.1301,0.7604,0,0,29.5
2017-03-14 20:58:38:550,-0.7881,-0.1222,0.7051,0,0,29.5
2017-03-14 20:58:38:560,-0.7881,-0.1143,0.7604,0,0,29.5
2017-03-14 20:58:38:570,-0.7881,-0.0826,0.6972,0,0,29.5
2017-03-14 20:58:38:580,-0.7721,-0.0826,0.6814,0,0,29.5
2017-03-14 20:58:38:590,-0.7721,-0.1063,0.6577,0,0,29.5
2017-03-14 20:58:38:600,-0.7801,-0.0747,0.6577,0,0,29.5
2017-03-14 20:58:38:610,-0.7640,-0.0747,0.6498,17,0,29.5
2017-03-14 20:58:38:620,-0.7801,-0.0668,0.6577,17,0,29.5
2017-03-14 20:58:38:630,-0.7640,-0.0589,0.6498,17,0,29.5
2017-03-14 20:58:38:640,-0.7801,-0.0826,0.6103,17,0,29.5
2017-03-14 20:58:38:650,-0.7881,-0.0510,0.6498,17,0,29.5
2017-03-14 20:58:38:660,-0.7801,-0.0668,0.6498,17,0,29.5
2017-03-14 20:58:38:670,-0.7962,-0.0430,0.6577,17,0,29.5
2017-03-14 20:58:38:680,-0.7962,-0.0589,0.6656,17,0,29.5
2017-03-14 20:58:38:690,-0.7962,-0.0510,0.6498,17,0,29.5
2017-03-14 20:58:38:700,-0.8042,-0.0589,0.6577,17,0,29.5
2017-03-14 20:58:38:710,-0.8203,-0.0430,0.6419,17,0,29.5
2017-03-14 20:58:38:720,-0.8042,-0.0589,0.6735,17,0,29.5
2017-03-14 20:58:38:730,-0.7721,-0.0826,0.6498,17,0,29.5
2017-03-14 20:58:38:740,-0.8042,-0.0668,0.6893,17,0,29.5
2017-03-14 20:58:38:750,-0.7801,-0.0668,0.6656,17,0,29.5
2017-03-14 20:58:38:760,-0.7881,-0.0589,0.7130,0,0,29.5
2017-03-14 20:58:38:770,-0.7721,-0.0589,0.6893,0,0,29.5
2017-03-14 20:58:38:780,-0.7881,-0.0351,0.6972,0,0,29.5
2017-03-14 20:58:38:790,-0.7640,-0.0589,0.6893,0,0,29.5
2017-03-14 20:58:38:800,-0.7721,-0.0510,0.7130,0,0,29.5
2017-03-14 20:58:38:810,-0.7640,-0.0510,0.7051,0,0,29.5
2017-03-14 20:58:38:820,-0.7721,-0.0589,0.6498,0,0,29.5
2017-03-14 20:58:38:830,-0.7399,-0.0430,0.6893,0,0,29.5
2017-03-14 20:58:38:840,-0.7801,-0.0351,0.6735,0,0,29.5
2017-03-14 20:58:38:850,-0.7801,-0.0510,0.6893,0,0,29.5
2017-03-14 20:58:38:860,-0.7640,-0.0589,0.7051,0,0,29.5
2017-03-14 20:58:38:870,-0.7962,-0.0351,0.7288,0,0,29.5
2017-03-14 20:58:38:880,-0.7962,-0.0747,0.6814,0,0,29.5
2017-03-14 20:58:38:890,-0.8123,-0.0351,0.7130,0,0,29.5
2017-03-14 20:58:38:900,-0.7962,-0.0747,0.6893,0,0,29.5
2017-03-14 20:58:38:910,-0.7881,-0.0747,0.6972,0,0,29.5
2017-03-14 20:58:38:920,-0.7801,-0.0589,0.6735,0,0,29.5
2017-03-14 20:58:38:930,-0.8123,-0.0589,0.6814,0,0,29.5
2017-03-14 20:58:38:940,-0.7881,-0.0589,0.6814,0,0,29.5
2017-03-14 20:58:38:950,-0.8123,-0.0430,0.7051,0,0,29.5
2017-03-14 20:58:38:960,-0.7962,-0.0351,0.6814,0,0,29.5
2017-03-14 20:58:38:970,-0.7801,-0.0589,0.6656,0,0,29.5
2017-03-14 20:58:38:980,-0.7962,-0.0589,0.6814,0,0,29.5
2017-03-14 20:58:38:990,-0.7721,-0.0668,0.7051,0,0,29.5
2017-03-14 20:58:39:000,-0.7801,-0.0589,0.6893,0,0,29.3
2017-03-14 20:58:39:010,-0.7801,-0.0351,0.7051,0,0,29.3
2017-03-14 20:58:39:020,-0.7962,-0.0668,0.6814,0,0,29.3
2017-03-14 20:58:39:030,-0.7801,-0.0589,0.6972,0,0,29.3
2017-03-14 20:58:39:040,-0.7881,-0.0510,0.6972,0,0,29.3
2017-03-14 20:58:39:050,-0.7801,-0.0747,0.6972,0,0,29.3
2017-03-14 20:58:39:060,-0.7801,-0.0430,0.6893,0,0,29.3
2017-03-14 20:58:39:070,-0.8123,-0.0272,0.6893,0,0,29.3
2017-03-14 20:58:39:080,-0.7801,-0.0430,0.7130,0,0,29.3
2017-03-14 20:58:39:090,-0.7881,-0.0589,0.6893,0,0,29.3
2017-03-14 20:58:39:100,-0.7721,-0.0589,0.6735,0,0,29.3
2017-03-14 20:58:39:110,-0.7801,-0.0589,0.6656,0,0,29.3
2017-03-14 20:58:39:120,-0.7721,-0.0747,0.7051,0,0,29.3
2017-03-14 20:58:39:130,-0.7881,-0.0668,0.6893,0,0,29.3
2017-03-14 20:58:39:140,-0.7640,-0.0589,0.6972,0,0,29.3
2017-03-14 20:58:39:150,-0.7962,-0.0351,0.6735,0,0,29.3
2017-03-14 20:58:39:160,-0.7881,-0.0668,0.7051,0,0,29.3
2017-03-14 20:58:39:170,-0.7881,-0.0430,0.6893,0,0,29.3
2017-03-14 20:58:39:180,-0.7721,-0.0510,0.7051,0,0,29.3
2017-03-14 20:58:39:190,-0.7881,-0.0589,0.6814,0,0,29.3
2017-03-14 20:58:39:200,-0.7881,-0.0430,0.6577,0,0,29.3
2017-03-14 20:58:39:210,-0.7881,-0.0351,0.7051,0,0,29.3
2017-03-14 20:58:39:220,-0.7881,-0.0589,0.6972,0,0,29.3
2017-03-14 20:58:39:230,-0.7881,-0.0510,0.6893,0,0,29.3
2017-03-14 20:58:39:240,-0.7881,-0.0430,0.7051,0,0,29.3
2017-03-14 20:58:39:250,-0.7962,-0.0589,0.6814,0,0,29.3
2017-03-14 20:58:39:260,-0.8042,-0.0272,0.7051,0,0,29.3
2017-03-14 20:58:39:270,-0.7721,-0.0510,0.6814,0,0,29.3
2017-03-14 20:58:39:280,-0.7721,-0.0510,0.6735,0,0,29.3
2017-03-14 20:58:39:290,-0.7881,-0.0589,0.6972,0,0,29.3
2017-03-14 20:58:39:300,-0.7801,-0.0430,0.7051,0,0,29.3
2017-03-14 20:58:39:310,-0.7721,-0.0668,0.6893,0,0,29.3
2017-03-14 20:58:39:320,-0.7801,-0.0668,0.6893,0,0,29.3
2017-03-14 20:58:39:330,-0.7721,-0.0510,0.6893,0,0,29.3
2017-03-14 20:58:39:340,-0.7721,-0.0668,0.6893,0,0,29.3
2017-03-14 20:58:39:350,-0.7801,-0.0272,0.6814,0,0,29.3
2017-03-14 20:58:39:360,-0.7881,-0.0430,0.7051,0,0,29.3
2017-03-14 20:58:39:370,-0.7801,-0.0668,0.6972,0,0,29.3
2017-03-14 20:58:39:380,-0.7801,-0.0430,0.6814,0,0,29.3
2017-03-14 20:58:39:390,-0.7801,-0.0589,0.6814,0,0,29.3
2017-03-14 20:58:39:400,-0.7721,-0.0589,0.6735,0,0,29.3
2017-03-14 20:58:39:410,-0.7801,-0.0589,0.7051,0,0,29.3
2017-03-14 20:58:39:420,-0.7962,-0.0351,0.6656,0,0,29.3
2017-03-14 20:58:39:430,-0.8042,-0.0668,0.6972,0,0,29.3
2017-03-14 20:58:39:440,-0.7801,-0.0747,0.6814,0,0,29.3
2017-03-14 20:58:39:450,-0.7721,-0.0668,0.6735,0,0,29.3
2017-03-14 20:58:39:460,-0.7801,-0.0351,0.6814,0,0,29.3
2017-03-14 20:58:39:470,-0.8203,-0.0272,0.7051,0,0,29.3
2017-03-14 20:58:39:480,-0.7640,-0.0510,0.6577,0,0,29.3
2017-03-14 20:58:39:490,-0.7560,-0.0747,0.6893,0,0,29.3
2017-03-14 20:58:39:500,-0.7801,-0.0510,0.6814,0,0,29.3
2017-03-14 20:58:39:510,-0.7801,-0.0747,0.6893,0,0,29.3
2017-03-14 20:58:39:520,-0.7881,-0.0430,0.6972,0,0,29.3
2017-03-14 20:58:39:530,-0.7801,-0.0430,0.6893,0,0,29.3
2017-03-14 20:58:39:540,-0.7801,-0.0510,0.7051,0,0,29.3
2017-03-14 20:58:39:550,-0.7801,-0.0430,0.6972,0,0,29.3
2017-03-14 20:58:39:560,-0.7881,-0.0589,0.6972,0,0,29.3
2017-03-14 20:58:39:570,-0.7640,-0.0510,0.7051,0,0,29.3
2017-03-14 20:58:39:580,-0.7801,-0.0589,0.6972,0,0,29.3
2017-03-14 20:58:39:590,-0.7801,-0.0747,0.7209,0,0,29.3
2017-03-14 20:58:39:600,-0.8123,-0.0430,0.6735,0,0,29.3
2017-03-14 20:58:39:610,-0.7721,-0.0668,0.6814,0,0,29.3
2017-03-14 20:58:39:620,-0.7560,-0.0430,0.6972,0,0,29.3
2017-03-14 20:58:39:630,-0.7962,-0.0510,0.6972,0,0,29.3
2017-03-14 20:58:39:640,-0.7881,-0.0272,0.7051,0,0,29.3
2017-03-14 20:58:39:650,-0.7881,-0.0747,0.6893,0,0,29.3
2017-03-14 20:58:39:660,-0.7721,-0.0589,0.7051,0,0,29.3
2017-03-14 20:58:39:670,-0.7962,-0.0589,0.7051,0,0,29.3
2017-03-14 20:58:39:680,-0.7962,-0.0510,0.6893,0,0,29.3
2017-03-14 20:58:39:690,-0.7560,-0.0747,0.6893,0,0,29.3
2017-03-14 20:58:39:700,-0.7962,-0.0510,0.6893,0,0,29.3
2017-03-14 20:58:39:710,-0.7881,-0.0510,0.7051,0,0,29.3
2017-03-14 20:58:39:720,-0.7962,-0.0510,0.6893,0,0,29.3
2017-03-14 20:58:39:730,-0.7801,-0.0668,0.7209,0,0,29.3
2017-03-14 20:58:39:740,-0.7962,-0.0510,0.7130,0,0,29.3
2017-03-14 20:58:39:750,-0.7881,-0.0351,0.6814,0,0,29.3
2017-03-14 20:58:39:760,-0.7801,-0.0430,0.6735,0,0,29.3
2017-03-14 20:58:39:770,-0.7962,-0.0589,0.6656,0,0,29.3
2017-03-14 20:58:39:780,-0.7801,-0.0510,0.7051,0,0,29.3
2017-03-14 20:58:39:790,-0.7962,-0.0510,0.6893,0,0,29.3
2017-03-14 20:58:39:800,-0.7801,-0.0589,0.6972,0,0,29.3
2017-03-14 20:58:39:810,-0.7962,-0.0430,0.6498,0,0,29.3
2017-03-14 20:58:39:820,-0.7801,-0.0589,0.7051,0,0,29.3
2017-03-14 20:58:39:830,-0.7881,-0.0589,0.6972,0,0,29.3
2017-03-14 20:58:39:840,-0.7881,-0.0351,0.6814,0,0,29.3
2017-03-14 20:58:39:850,-0.7962,-0.0351,0.6972,0,0,29.3
2017-03-14 20:58:39:860,-0.7801,-0.0510,0.7051,0,0,29.3
2017-03-14 20:58:39:870,-0.7640,-0.0589,0.6972,0,0,29.3
2017-03-14 20:58:39:880,-0.7721,-0.0589,0.6735,0,0,29.3
2017-03-14 20:58:39:890,-0.7721,-0.0589,0.6814,0,0,29.3
2017-03-14 20:58:39:900,-0.7962,-0.0510,0.6735,0,0,29.3
2017-03-14 20:58:39:910,-0.7962,-0.0430,0.7051,0,0,29.3
2017-03-14 20:58:39:920,-0.7801,-0.0510,0.7051,0,0,29.3
2017-03-14 20:58:39:930,-0.7801,-0.0510,0.7051,0,0,29.3
2017-03-14 20:58:39:940,-0.7962,-0.0510,0.6972,0,0,29.3
2017-03-14 20:58:39:950,-0.7560,-0.0905,0.6735,0,0,29.3
2017-03-14 20:58:39:960,-0.7640,-0.0668,0.6814,0,0,29.3
2017-03-14 20:58:39:970,-0.7721,-0.0668,0.6893,0,0,29.3
2017-03-14 20:58:39:980,-0.7721,-0.0668,0.6735,0,0,29.3
2017-03-14 20:58:39:990,-0.7721,-0.0589,0.6893,0,0,29.3
