Device Type,GENEAction          
Device Model,1.1                 
Device Unique Serial Code,030260
Device Firmware Version,Ver4.08a date14Jul14
Calibration Date,2015-06-04 12:11:02:000
Application name & version ,GENEActiv PC Software 3,1




Measurement Frequency,100.0 Hz
Start Time,2017-03-14 20:38:33:000
Last measurement,
Device Location Code,
Time Zone,GMT +01





Subject Code,
Date of Birth,1900-1-1
Sex,
Height,
Weight,
Handedness Code,
Subject Notes,



Study Centre,
Study Code,
Investigator ID,
Exercise Type,
Config Operator ID,2                   
Config Time,2017-03-14 20:38:07:925:
Config Notes,Notes
Extract Operator ID,
Extract Time,2017-03-14 20:45:47:972
Extract Notes,(device clock drift 0,028s)










Sensor type,MEMS accelerometer x-axis
Range,-16 to +16          
Resolution,0.0078              
Units,g                   
Additional information
Sensor type,MEMS accelerometer y-axis
Range,-16 to +16          
Resolution,0.0078              
Units,g                   
Additional information
Sensor type,MEMS accelerometer z-axis 
Range,-16 to +16          
Resolution,0.0078              
Units,g                   
Additional information
Sensor type,Lux Photodiode 400nm - 1100nm 
Range,0 to 5000           
Resolution,5                   
Units,lux                 
Additional information
Sensor type,User button event marker
Range,1 or 0
Resolution
Units
Additional information,1=pressed
Sensor type,Linear active thermistor
Range,0 to 70             
Resolution,0.1                 
Units,deg.C               
Additional information




















2017-03-14 20:40:55:010,-0.1208,0.9935,-0.0534,120,0,30.3
2017-03-14 20:40:55:020,-0.1288,1.0093,-0.0455,120,0,30.3
2017-03-14 20:40:55:030,-0.1127,0.9856,-0.0534,120,0,30.3
2017-03-14 20:40:55:040,-0.1368,1.0014,-0.0534,120,0,30.3
2017-03-14 20:40:55:050,-0.0966,1.0252,-0.0455,120,0,30.3
2017-03-14 20:40:55:060,-0.1368,1.0093,-0.0455,120,0,30.3
2017-03-14 20:40:55:070,-0.1208,0.9619,-0.0613,120,0,30.3
2017-03-14 20:40:55:080,-0.1208,0.9935,-0.0692,120,0,30.3
2017-03-14 20:40:55:090,-0.1449,0.9935,-0.0692,120,0,30.3
2017-03-14 20:40:55:100,-0.1288,1.0093,-0.0534,120,0,30.3
2017-03-14 20:40:55:110,-0.1368,0.9777,-0.0534,120,0,30.3
2017-03-14 20:40:55:120,-0.1449,1.0014,-0.0613,120,0,30.3
2017-03-14 20:40:55:130,-0.1288,0.9777,-0.0534,120,0,30.3
2017-03-14 20:40:55:140,-0.1288,1.0014,-0.0613,120,0,30.3
2017-03-14 20:40:55:150,-0.1288,0.9935,-0.0534,120,0,30.3
2017-03-14 20:40:55:160,-0.1208,0.9935,-0.0613,120,0,30.3
2017-03-14 20:40:55:170,-0.1208,0.9856,-0.0692,120,0,30.3
2017-03-14 20:40:55:180,-0.1288,0.9856,-0.0534,120,0,30.3
2017-03-14 20:40:55:190,-0.1288,1.0014,-0.0850,120,0,30.3
2017-03-14 20:40:55:200,-0.1368,0.9935,-0.0534,120,0,30.3
2017-03-14 20:40:55:210,-0.1127,0.9935,-0.0139,120,0,30.3
2017-03-14 20:40:55:220,-0.1047,1.0014,-0.0534,120,0,30.3
2017-03-14 20:40:55:230,-0.1288,1.0093,-0.0613,120,0,30.3
2017-03-14 20:40:55:240,-0.1208,1.0093,-0.0613,120,0,30.3
2017-03-14 20:40:55:250,-0.1047,0.9856,-0.0692,120,0,30.3
2017-03-14 20:40:55:260,-0.1127,0.9777,-0.0455,120,0,30.3
2017-03-14 20:40:55:270,-0.1127,0.9856,-0.0455,120,0,30.3
2017-03-14 20:40:55:280,-0.1047,0.9698,-0.0297,120,0,30.3
2017-03-14 20:40:55:290,-0.1368,1.0093,-0.0455,120,0,30.3
2017-03-14 20:40:55:300,-0.1208,0.9935,-0.0534,120,0,30.3
2017-03-14 20:40:55:310,-0.1208,1.0014,-0.0613,120,0,30.3
2017-03-14 20:40:55:320,-0.1208,0.9539,-0.0534,120,0,30.3
2017-03-14 20:40:55:330,-0.1288,1.0014,-0.0692,120,0,30.3
2017-03-14 20:40:55:340,-0.1208,0.9935,-0.0534,120,0,30.3
2017-03-14 20:40:55:350,-0.1208,0.9856,-0.0613,120,0,30.3
2017-03-14 20:40:55:360,-0.1127,0.9935,-0.0455,120,0,30.3
2017-03-14 20:40:55:370,-0.1368,0.9856,-0.0534,120,0,30.3
2017-03-14 20:40:55:380,-0.1449,0.9856,-0.0455,120,0,30.3
2017-03-14 20:40:55:390,-0.1368,0.9777,-0.0534,120,0,30.3
2017-03-14 20:40:55:400,-0.1449,1.0014,-0.0218,120,0,30.3
2017-03-14 20:40:55:410,-0.1208,0.9856,-0.0534,120,0,30.3
2017-03-14 20:40:55:420,-0.1288,0.9935,-0.0613,120,0,30.3
2017-03-14 20:40:55:430,-0.1208,1.0014,-0.0613,120,0,30.3
2017-03-14 20:40:55:440,-0.1208,0.9856,-0.0613,120,0,30.3
2017-03-14 20:40:55:450,-0.1288,1.0014,-0.0534,120,0,30.3
2017-03-14 20:40:55:460,-0.1208,0.9856,-0.0455,120,0,30.3
2017-03-14 20:40:55:470,-0.1127,1.0014,-0.0376,120,0,30.3
2017-03-14 20:40:55:480,-0.1047,0.9777,-0.0455,120,0,30.3
2017-03-14 20:40:55:490,-0.1288,0.9935,-0.0297,120,0,30.3
2017-03-14 20:40:55:500,-0.1288,0.9856,-0.0534,120,0,30.3
2017-03-14 20:40:55:510,-0.1529,1.0014,-0.0692,120,0,30.3
2017-03-14 20:40:55:520,-0.1208,0.9935,-0.0534,120,0,30.3
2017-03-14 20:40:55:530,-0.1208,0.9698,-0.0692,120,0,30.3
2017-03-14 20:40:55:540,-0.1449,1.0093,-0.0455,120,0,30.3
2017-03-14 20:40:55:550,-0.1208,1.0014,-0.0534,120,0,30.3
2017-03-14 20:40:55:560,-0.1288,0.9935,-0.0534,120,0,30.3
2017-03-14 20:40:55:570,-0.1127,1.0093,-0.0613,120,0,30.3
2017-03-14 20:40:55:580,-0.1368,0.9935,-0.0534,120,0,30.3
2017-03-14 20:40:55:590,-0.1288,0.9856,-0.0455,120,0,30.3
2017-03-14 20:40:55:600,-0.1288,0.9935,-0.0455,120,0,30.3
2017-03-14 20:40:55:610,-0.1208,0.9935,-0.0218,120,0,30.3
2017-03-14 20:40:55:620,-0.1449,0.9856,-0.0534,120,0,30.3
2017-03-14 20:40:55:630,-0.1368,0.9935,-0.0376,120,0,30.3
2017-03-14 20:40:55:640,-0.1529,0.9856,-0.0613,120,0,30.3
2017-03-14 20:40:55:650,-0.1368,1.0172,-0.0534,120,0,30.3
2017-03-14 20:40:55:660,-0.1208,0.9935,-0.0534,120,0,30.3
2017-03-14 20:40:55:670,-0.1208,1.0014,-0.0534,120,0,30.3
2017-03-14 20:40:55:680,-0.1208,0.9935,-0.0534,120,0,30.3
2017-03-14 20:40:55:690,-0.1368,0.9935,-0.0692,120,0,30.3
2017-03-14 20:40:55:700,-0.1449,0.9856,-0.0534,120,0,30.3
2017-03-14 20:40:55:710,-0.1288,1.0014,-0.0455,120,0,30.3
2017-03-14 20:40:55:720,-0.1368,1.0014,-0.0455,120,0,30.3
2017-03-14 20:40:55:730,-0.1127,1.0014,-0.0534,120,0,30.3
2017-03-14 20:40:55:740,-0.1208,0.9935,-0.0534,120,0,30.3
2017-03-14 20:40:55:750,-0.1208,0.9777,-0.0692,120,0,30.3
2017-03-14 20:40:55:760,-0.1368,0.9698,-0.0455,120,0,30.3
2017-03-14 20:40:55:770,-0.1208,0.9698,-0.0534,120,0,30.3
2017-03-14 20:40:55:780,-0.1610,1.0014,-0.0613,120,0,30.3
2017-03-14 20:40:55:790,-0.1208,0.9935,-0.0455,120,0,30.3
2017-03-14 20:40:55:800,-0.1208,0.9777,-0.0534,120,0,30.3
2017-03-14 20:40:55:810,-0.1208,1.0014,-0.0534,120,0,30.3
2017-03-14 20:40:55:820,-0.1047,0.9856,-0.0376,120,0,30.3
2017-03-14 20:40:55:830,-0.1127,0.9619,-0.0455,120,0,30.3
2017-03-14 20:40:55:840,-0.1288,1.0014,-0.0534,120,0,30.3
2017-03-14 20:40:55:850,-0.1368,1.0014,-0.0139,120,0,30.3
2017-03-14 20:40:55:860,-0.1449,1.0172,-0.0534,120,0,30.3
2017-03-14 20:40:55:870,-0.1368,1.0014,-0.0376,120,0,30.3
2017-03-14 20:40:55:880,-0.1208,0.9777,-0.0534,120,0,30.3
2017-03-14 20:40:55:890,-0.1208,1.0172,-0.0534,120,0,30.3
2017-03-14 20:40:55:900,-0.1449,1.0093,-0.0455,120,0,30.3
2017-03-14 20:40:55:910,-0.1368,1.0093,-0.0692,120,0,30.3
2017-03-14 20:40:55:920,-0.1288,0.9935,-0.0534,120,0,30.3
2017-03-14 20:40:55:930,-0.1288,0.9935,-0.0534,120,0,30.3
2017-03-14 20:40:55:940,-0.1288,0.9935,-0.0534,120,0,30.3
2017-03-14 20:40:55:950,-0.1208,0.9856,-0.0534,120,0,30.3
2017-03-14 20:40:55:960,-0.1047,0.9698,-0.0534,120,0,30.3
2017-03-14 20:40:55:970,-0.1288,0.9935,-0.0455,120,0,30.3
2017-03-14 20:40:55:980,-0.1288,0.9935,-0.0534,120,0,30.3
2017-03-14 20:40:55:990,-0.1288,0.9777,-0.0376,120,0,30.3
2017-03-14 20:40:56:000,-0.1288,1.0014,-0.0534,120,0,30.3
2017-03-14 20:40:56:010,-0.1047,0.9777,-0.0613,120,0,30.3
2017-03-14 20:40:56:020,-0.1208,0.9856,-0.0218,120,0,30.3
2017-03-14 20:40:56:030,-0.1127,0.9777,-0.0613,120,0,30.3
2017-03-14 20:40:56:040,-0.1288,1.0172,-0.0376,120,0,30.3
2017-03-14 20:40:56:050,-0.1449,1.0014,-0.0455,120,0,30.3
2017-03-14 20:40:56:060,-0.1127,0.9856,-0.0534,120,0,30.3
2017-03-14 20:40:56:070,-0.0966,0.9698,-0.0376,120,0,30.3
2017-03-14 20:40:56:080,-0.1127,0.9619,-0.0455,137,0,30.3
2017-03-14 20:40:56:090,-0.1368,0.9777,-0.0455,120,0,30.3
2017-03-14 20:40:56:100,-0.1288,0.9935,-0.0455,120,0,30.3
2017-03-14 20:40:56:110,-0.1288,1.0093,-0.0534,120,0,30.3
2017-03-14 20:40:56:120,-0.1127,0.9856,-0.0613,120,0,30.3
2017-03-14 20:40:56:130,-0.1288,0.9935,-0.0613,120,0,30.3
2017-03-14 20:40:56:140,-0.1208,0.9935,-0.0139,120,0,30.3
2017-03-14 20:40:56:150,-0.1127,1.0014,-0.0297,120,0,30.3
2017-03-14 20:40:56:160,-0.1288,1.0014,-0.0297,120,0,30.3
2017-03-14 20:40:56:170,-0.1208,0.9856,-0.0218,120,0,30.3
2017-03-14 20:40:56:180,-0.1288,0.9777,-0.0534,120,0,30.3
2017-03-14 20:40:56:190,-0.1288,0.9935,-0.0534,120,0,30.3
2017-03-14 20:40:56:200,-0.1208,0.9777,-0.0455,120,0,30.3
2017-03-14 20:40:56:210,-0.1368,1.0093,-0.0613,120,0,30.3
2017-03-14 20:40:56:220,-0.1127,0.9935,-0.0534,120,0,30.3
2017-03-14 20:40:56:230,-0.1368,0.9856,-0.0534,120,0,30.3
2017-03-14 20:40:56:240,-0.1288,0.9935,-0.0534,137,0,30.3
2017-03-14 20:40:56:250,-0.1449,1.0014,-0.0534,120,0,30.3
2017-03-14 20:40:56:260,-0.1127,0.9777,-0.0534,120,0,30.3
2017-03-14 20:40:56:270,-0.1449,0.9856,-0.0455,120,0,30.3
2017-03-14 20:40:56:280,-0.1288,0.9856,-0.0534,120,0,30.3
2017-03-14 20:40:56:290,-0.1288,0.9935,-0.0771,120,0,30.3
2017-03-14 20:40:56:300,-0.1288,0.9935,-0.0376,120,0,30.3
2017-03-14 20:40:56:310,-0.1288,0.9777,-0.0534,120,0,30.3
2017-03-14 20:40:56:320,-0.1208,0.9698,-0.0376,120,0,30.3
2017-03-14 20:40:56:330,-0.1368,0.9856,-0.0534,120,0,30.3
2017-03-14 20:40:56:340,-0.1288,0.9856,-0.0376,120,0,30.3
2017-03-14 20:40:56:350,-0.1368,1.0172,-0.0218,120,0,30.3
2017-03-14 20:40:56:360,-0.1127,0.9935,-0.0534,120,0,30.3
2017-03-14 20:40:56:370,-0.1449,0.9856,-0.0534,137,0,30.3
2017-03-14 20:40:56:380,-0.1288,1.0093,-0.0534,120,0,30.3
2017-03-14 20:40:56:390,-0.1449,0.9935,-0.0455,120,0,30.3
2017-03-14 20:40:56:400,-0.1368,0.9935,-0.0455,137,0,30.3
2017-03-14 20:40:56:410,-0.1208,1.0093,-0.0534,137,0,30.3
2017-03-14 20:40:56:420,-0.1368,1.0014,-0.0534,120,0,30.3
2017-03-14 20:40:56:430,-0.1288,0.9856,-0.0534,120,0,30.3
2017-03-14 20:40:56:440,-0.1047,0.9935,-0.0455,137,0,30.3
2017-03-14 20:40:56:450,-0.1449,1.0014,-0.0455,137,0,30.3
2017-03-14 20:40:56:460,-0.1288,0.9777,-0.0613,137,0,30.3
2017-03-14 20:40:56:470,-0.1127,1.0014,-0.0455,137,0,30.3
2017-03-14 20:40:56:480,-0.1288,0.9935,-0.0692,120,0,30.3
2017-03-14 20:40:56:490,-0.1047,1.0172,-0.0534,137,0,30.3
2017-03-14 20:40:56:500,-0.1208,0.9935,-0.0376,137,0,30.3
2017-03-14 20:40:56:510,-0.1047,0.9856,-0.0455,137,0,30.3
2017-03-14 20:40:56:520,-0.1288,0.9935,-0.0534,137,0,30.3
2017-03-14 20:40:56:530,-0.1127,0.9777,-0.0534,137,0,30.3
2017-03-14 20:40:56:540,-0.1288,0.9539,-0.0376,137,0,30.3
2017-03-14 20:40:56:550,-0.1208,1.0014,-0.0534,137,0,30.3
2017-03-14 20:40:56:560,-0.1127,1.0014,-0.0060,120,0,30.3
2017-03-14 20:40:56:570,-0.1208,0.9935,-0.0534,137,0,30.3
2017-03-14 20:40:56:580,-0.1449,1.0093,-0.0455,137,0,30.3
2017-03-14 20:40:56:590,-0.1368,0.9935,-0.0692,137,0,30.3
2017-03-14 20:40:56:600,-0.1288,0.9856,-0.0455,137,0,30.3
2017-03-14 20:40:56:610,-0.1127,1.0014,-0.0771,137,0,30.3
2017-03-14 20:40:56:620,-0.1208,0.9935,-0.0534,137,0,30.3
2017-03-14 20:40:56:630,-0.1127,0.9935,-0.0376,137,0,30.3
2017-03-14 20:40:56:640,-0.1127,0.9777,-0.0455,137,0,30.3
2017-03-14 20:40:56:650,-0.1127,0.9856,-0.0534,137,0,30.3
2017-03-14 20:40:56:660,-0.1127,0.9935,-0.0613,137,0,30.3
2017-03-14 20:40:56:670,-0.1449,1.0172,-0.0060,137,0,30.3
2017-03-14 20:40:56:680,-0.1368,0.9856,-0.0534,137,0,30.3
2017-03-14 20:40:56:690,-0.1208,0.9777,-0.0534,137,0,30.3
2017-03-14 20:40:56:700,-0.1127,0.9856,-0.0771,137,0,30.3
2017-03-14 20:40:56:710,-0.1368,0.9698,-0.0376,137,0,30.3
2017-03-14 20:40:56:720,-0.1288,0.9935,-0.0297,137,0,30.3
2017-03-14 20:40:56:730,-0.1449,1.0014,-0.0534,137,0,30.3
2017-03-14 20:40:56:740,-0.1368,0.9935,-0.0455,137,0,30.3
2017-03-14 20:40:56:750,-0.1288,0.9935,0.0098,137,0,30.3
2017-03-14 20:40:56:760,-0.1288,0.9856,-0.0455,137,0,30.3
2017-03-14 20:40:56:770,-0.1368,0.9935,-0.0455,137,0,30.3
2017-03-14 20:40:56:780,-0.1127,0.9777,-0.0850,137,0,30.3
2017-03-14 20:40:56:790,-0.1127,0.9777,-0.0534,137,0,30.3
2017-03-14 20:40:56:800,-0.1208,0.9935,-0.0455,137,0,30.3
2017-03-14 20:40:56:810,-0.1288,1.0014,-0.0376,137,0,30.3
2017-03-14 20:40:56:820,-0.1208,1.0172,-0.0613,137,0,30.3
2017-03-14 20:40:56:830,-0.1288,0.9935,-0.0455,137,0,30.3
2017-03-14 20:40:56:840,-0.1127,1.0172,-0.0455,137,0,30.3
2017-03-14 20:40:56:850,-0.1449,0.9935,-0.0376,137,0,30.3
2017-03-14 20:40:56:860,-0.1368,0.9777,-0.0534,137,0,30.3
2017-03-14 20:40:56:870,-0.1529,0.9935,-0.0534,137,0,30.3
2017-03-14 20:40:56:880,-0.1288,0.9935,-0.0534,137,0,30.3
2017-03-14 20:40:56:890,-0.1449,1.0093,-0.0534,137,0,30.3
2017-03-14 20:40:56:900,-0.1208,0.9856,-0.0455,137,0,30.3
2017-03-14 20:40:56:910,-0.1288,0.9856,-0.0534,137,0,30.3
2017-03-14 20:40:56:920,-0.1047,0.9935,-0.0297,137,0,30.3
2017-03-14 20:40:56:930,-0.1208,0.9935,-0.0297,137,0,30.3
2017-03-14 20:40:56:940,-0.1288,0.9856,-0.0692,137,0,30.3
2017-03-14 20:40:56:950,-0.1368,0.9856,-0.0455,137,0,30.3
2017-03-14 20:40:56:960,-0.1208,0.9935,-0.0455,137,0,30.3
2017-03-14 20:40:56:970,-0.1368,0.9856,-0.0534,137,0,30.3
2017-03-14 20:40:56:980,-0.1208,0.9856,-0.0534,137,0,30.3
2017-03-14 20:40:56:990,-0.1127,0.9777,-0.0534,137,0,30.3
2017-03-14 20:40:57:000,-0.1288,0.9935,-0.0455,137,0,30.3
2017-03-14 20:40:57:010,-0.1127,0.9935,-0.0455,137,0,30.3
2017-03-14 20:40:57:020,-0.1368,0.9856,-0.0534,137,0,30.3
2017-03-14 20:40:57:030,-0.1529,0.9856,-0.0534,137,0,30.3
2017-03-14 20:40:57:040,-0.1288,0.9856,-0.0613,137,0,30.3
2017-03-14 20:40:57:050,-0.1529,0.9935,-0.0376,137,0,30.3
2017-03-14 20:40:57:060,-0.1127,0.9935,-0.0534,137,0,30.3
2017-03-14 20:40:57:070,-0.1288,0.9935,-0.0376,137,0,30.3
2017-03-14 20:40:57:080,-0.1368,0.9935,-0.0218,137,0,30.3
2017-03-14 20:40:57:090,-0.1368,0.9935,-0.0297,137,0,30.3
2017-03-14 20:40:57:100,-0.1288,0.9856,-0.0534,137,0,30.3
2017-03-14 20:40:57:110,-0.1368,0.9856,-0.0692,137,0,30.3
2017-03-14 20:40:57:120,-0.1449,1.0093,-0.0534,137,0,30.3
2017-03-14 20:40:57:130,-0.1529,1.0172,-0.0534,137,0,30.3
2017-03-14 20:40:57:140,-0.1208,1.0093,-0.0376,137,0,30.3
2017-03-14 20:40:57:150,-0.1127,0.9856,-0.0455,137,0,30.3
2017-03-14 20:40:57:160,-0.1208,0.9698,-0.0534,137,0,30.3
2017-03-14 20:40:57:170,-0.1288,0.9777,-0.0692,137,0,30.3
2017-03-14 20:40:57:180,-0.1127,0.9935,-0.0613,137,0,30.3
2017-03-14 20:40:57:190,-0.1208,0.9856,-0.0455,137,0,30.3
2017-03-14 20:40:57:200,-0.1288,0.9856,-0.0613,137,0,30.3
2017-03-14 20:40:57:210,-0.1208,0.9698,-0.0534,137,0,30.3
2017-03-14 20:40:57:220,-0.1127,0.9777,-0.0534,137,0,30.3
2017-03-14 20:40:57:230,-0.1208,1.0014,-0.0455,137,0,30.3
2017-03-14 20:40:57:240,-0.1288,1.0093,-0.0534,137,0,30.3
2017-03-14 20:40:57:250,-0.1127,0.9777,-0.0534,137,0,30.3
2017-03-14 20:40:57:260,-0.1449,1.0093,-0.0613,137,0,30.3
2017-03-14 20:40:57:270,-0.0966,0.9856,-0.0376,137,0,30.3
2017-03-14 20:40:57:280,-0.1288,0.9935,-0.0534,137,0,30.3
2017-03-14 20:40:57:290,-0.1288,0.9935,-0.0455,137,0,30.3
2017-03-14 20:40:57:300,-0.1127,0.9856,-0.0613,137,0,30.3
2017-03-14 20:40:57:310,-0.1208,0.9935,-0.0455,137,0,30.3
2017-03-14 20:40:57:320,-0.1368,0.9935,-0.0297,137,0,30.3
2017-03-14 20:40:57:330,-0.1127,0.9698,-0.0534,137,0,30.3
2017-03-14 20:40:57:340,-0.1288,1.0172,-0.0534,137,0,30.3
2017-03-14 20:40:57:350,-0.1127,0.9935,-0.0613,137,0,30.3
2017-03-14 20:40:57:360,-0.1127,0.9856,-0.0455,137,0,30.3
2017-03-14 20:40:57:370,-0.1208,0.9777,-0.0534,137,0,30.3
2017-03-14 20:40:57:380,-0.1127,0.9856,-0.0455,137,0,30.3
2017-03-14 20:40:57:390,-0.1208,0.9935,-0.0455,137,0,30.3
2017-03-14 20:40:57:400,-0.1208,1.0014,-0.0613,137,0,30.3
2017-03-14 20:40:57:410,-0.1047,0.9777,-0.0692,137,0,30.3
2017-03-14 20:40:57:420,-0.1127,1.0014,-0.0455,137,0,30.3
2017-03-14 20:40:57:430,-0.1368,1.0014,-0.0613,137,0,30.3
2017-03-14 20:40:57:440,-0.1529,1.0014,-0.0455,137,0,30.3
2017-03-14 20:40:57:450,-0.1368,0.9856,-0.0534,137,0,30.3
2017-03-14 20:40:57:460,-0.1529,0.9935,-0.0613,137,0,30.3
2017-03-14 20:40:57:470,-0.1368,1.0014,-0.0534,137,0,30.3
2017-03-14 20:40:57:480,-0.1368,0.9856,-0.0455,137,0,30.3
2017-03-14 20:40:57:490,-0.1368,0.9935,-0.0455,137,0,30.3
2017-03-14 20:40:57:500,-0.1288,1.0172,-0.0297,137,0,30.3
2017-03-14 20:40:57:510,-0.1208,0.9856,-0.0613,137,0,30.3
2017-03-14 20:40:57:520,-0.1208,0.9619,-0.0534,137,0,30.3
2017-03-14 20:40:57:530,-0.1529,1.0172,-0.0613,137,0,30.3
2017-03-14 20:40:57:540,-0.1368,0.9856,-0.0534,137,0,30.3
2017-03-14 20:40:57:550,-0.1610,1.0014,-0.0534,137,0,30.3
2017-03-14 20:40:57:560,-0.1208,0.9935,-0.0455,137,0,30.3
2017-03-14 20:40:57:570,-0.1288,0.9856,-0.0455,137,0,30.3
2017-03-14 20:40:57:580,-0.1368,1.0172,-0.0534,137,0,30.3
2017-03-14 20:40:57:590,-0.1208,0.9777,-0.0534,137,0,30.3
2017-03-14 20:40:57:600,-0.1368,1.0093,-0.0534,137,0,30.3
2017-03-14 20:40:57:610,-0.1449,0.9777,-0.0613,137,0,30.3
2017-03-14 20:40:57:620,-0.1368,0.9935,-0.0218,137,0,30.3
2017-03-14 20:40:57:630,-0.1368,0.9619,-0.0534,137,0,30.3
2017-03-14 20:40:57:640,-0.1449,0.9935,-0.0534,137,0,30.3
2017-03-14 20:40:57:650,-0.1368,0.9935,-0.0771,137,0,30.3
2017-03-14 20:40:57:660,-0.1288,0.9935,-0.0376,137,0,30.3
2017-03-14 20:40:57:670,-0.1288,1.0014,-0.0455,137,0,30.3
2017-03-14 20:40:57:680,-0.1288,0.9777,-0.0534,137,0,30.3
2017-03-14 20:40:57:690,-0.1449,1.0093,-0.0613,137,0,30.3
2017-03-14 20:40:57:700,-0.1127,0.9935,-0.0534,137,0,30.3
2017-03-14 20:40:57:710,-0.1208,0.9935,-0.0534,137,0,30.3
2017-03-14 20:40:57:720,-0.1208,0.9777,-0.0455,137,0,30.3
2017-03-14 20:40:57:730,-0.1208,1.0014,-0.0455,137,0,30.3
2017-03-14 20:40:57:740,-0.1529,0.9935,-0.0613,137,0,30.3
2017-03-14 20:40:57:750,-0.1208,0.9856,-0.0534,137,0,30.3
2017-03-14 20:40:57:760,-0.1047,1.0014,-0.0455,137,0,30.3
2017-03-14 20:40:57:770,-0.0966,0.9856,-0.0455,137,0,30.3
2017-03-14 20:40:57:780,-0.1368,0.9935,-0.0376,137,0,30.3
2017-03-14 20:40:57:790,-0.1208,0.9935,-0.0534,137,0,30.3
2017-03-14 20:40:57:800,-0.1288,1.0014,-0.0376,137,0,30.3
2017-03-14 20:40:57:810,-0.1368,1.0093,-0.0534,137,0,30.3
2017-03-14 20:40:57:820,-0.1127,0.9935,-0.0613,137,0,30.3
2017-03-14 20:40:57:830,-0.1449,0.9856,-0.0376,137,0,30.3
2017-03-14 20:40:57:840,-0.1208,0.9777,-0.0534,137,0,30.3
2017-03-14 20:40:57:850,-0.1288,0.9777,-0.0534,137,0,30.3
2017-03-14 20:40:57:860,-0.1529,0.9935,-0.0534,137,0,30.3
2017-03-14 20:40:57:870,-0.1208,0.9935,-0.0534,137,0,30.3
2017-03-14 20:40:57:880,-0.1529,1.0093,-0.0297,137,0,30.3
2017-03-14 20:40:57:890,-0.1288,1.0014,-0.0376,137,0,30.3
2017-03-14 20:40:57:900,-0.1368,1.0014,-0.0613,137,0,30.3
2017-03-14 20:40:57:910,-0.1208,0.9856,-0.0455,137,0,30.3
2017-03-14 20:40:57:920,-0.1368,1.0014,-0.0692,137,0,30.3
2017-03-14 20:40:57:930,-0.1208,0.9935,-0.0613,137,0,30.3
2017-03-14 20:40:57:940,-0.1208,1.0093,-0.0613,137,0,30.3
2017-03-14 20:40:57:950,-0.1047,0.9698,-0.0376,137,0,30.3
2017-03-14 20:40:57:960,-0.1047,0.9777,-0.0534,137,0,30.3
2017-03-14 20:40:57:970,-0.1449,0.9698,-0.0613,137,0,30.3
2017-03-14 20:40:57:980,-0.1208,0.9777,-0.0613,137,0,30.3
2017-03-14 20:40:57:990,-0.1288,0.9935,-0.0534,137,0,30.3
2017-03-14 20:40:58:000,-0.1288,0.9856,-0.0692,137,0,30.3
2017-03-14 20:40:58:010,-0.1127,0.9856,-0.0692,137,0,30.3
2017-03-14 20:40:58:020,-0.1368,0.9856,-0.0771,137,0,30.3
2017-03-14 20:40:58:030,-0.1368,0.9935,-0.0455,137,0,30.3
2017-03-14 20:40:58:040,-0.1368,0.9935,-0.0771,137,0,30.3
2017-03-14 20:40:58:050,-0.1208,0.9777,-0.0534,137,0,30.3
2017-03-14 20:40:58:060,-0.1368,1.0172,-0.0455,137,0,30.3
2017-03-14 20:40:58:070,-0.1449,1.0093,-0.0455,137,0,30.3
2017-03-14 20:40:58:080,-0.1127,0.9935,-0.0455,137,0,30.3
2017-03-14 20:40:58:090,-0.1449,0.9935,-0.0455,137,0,30.3
2017-03-14 20:40:58:100,-0.1288,1.0014,-0.0850,137,0,30.3
2017-03-14 20:40:58:110,-0.1288,0.9935,-0.0534,137,0,30.3
2017-03-14 20:40:58:120,-0.1288,0.9856,-0.0455,137,0,30.3
2017-03-14 20:40:58:130,-0.1127,0.9856,-0.0613,137,0,30.3
2017-03-14 20:40:58:140,-0.1368,1.0014,-0.0534,137,0,30.3
2017-03-14 20:40:58:150,-0.1208,1.0014,-0.0455,137,0,30.3
2017-03-14 20:40:58:160,-0.1368,0.9935,-0.0534,137,0,30.3
2017-03-14 20:40:58:170,-0.1529,0.9935,-0.0613,137,0,30.3
2017-03-14 20:40:58:180,-0.0966,1.0093,-0.0455,137,0,30.3
2017-03-14 20:40:58:190,-0.1288,1.0014,-0.0613,137,0,30.3
2017-03-14 20:40:58:200,-0.1288,0.9935,-0.0534,137,0,30.3
2017-03-14 20:40:58:210,-0.1288,0.9935,-0.0534,137,0,30.3
2017-03-14 20:40:58:220,-0.1368,1.0014,-0.0534,137,0,30.3
2017-03-14 20:40:58:230,-0.1288,0.9777,-0.0534,137,0,30.3
2017-03-14 20:40:58:240,-0.1449,1.0014,-0.0534,137,0,30.3
2017-03-14 20:40:58:250,-0.1288,0.9856,-0.0613,137,0,30.3
2017-03-14 20:40:58:260,-0.1208,1.0014,-0.0613,137,0,30.3
2017-03-14 20:40:58:270,-0.1449,1.0014,-0.0534,137,0,30.3
2017-03-14 20:40:58:280,-0.1449,1.0014,-0.0534,137,0,30.3
2017-03-14 20:40:58:290,-0.1208,0.9698,-0.0534,137,0,30.3
2017-03-14 20:40:58:300,-0.1127,0.9935,-0.0613,137,0,30.3
2017-03-14 20:40:58:310,-0.1208,0.9935,-0.0376,137,0,30.3
2017-03-14 20:40:58:320,-0.1208,0.9935,-0.0376,137,0,30.3
2017-03-14 20:40:58:330,-0.1127,0.9856,-0.0455,137,0,30.3
2017-03-14 20:40:58:340,-0.1449,0.9935,-0.0297,137,0,30.3
2017-03-14 20:40:58:350,-0.1208,1.0172,-0.0613,137,0,30.3
2017-03-14 20:40:58:360,-0.1208,0.9856,-0.0534,137,0,30.3
2017-03-14 20:40:58:370,-0.1208,0.9856,-0.0534,137,0,30.3
2017-03-14 20:40:58:380,-0.1208,0.9935,-0.0455,137,0,30.3
2017-03-14 20:40:58:390,-0.1368,1.0252,-0.0692,137,0,30.3
2017-03-14 20:40:58:400,-0.1047,1.0093,-0.0692,137,0,30.3
2017-03-14 20:40:58:410,-0.1368,0.9935,-0.0534,137,0,30.3
2017-03-14 20:40:58:420,-0.1127,0.9777,-0.0692,137,0,30.3
2017-03-14 20:40:58:430,-0.1288,1.0093,-0.0534,137,0,30.3
2017-03-14 20:40:58:440,-0.1368,1.0093,-0.0613,137,0,30.3
2017-03-14 20:40:58:450,-0.1449,0.9935,-0.0771,137,0,30.3
2017-03-14 20:40:58:460,-0.1529,0.9935,-0.0534,137,0,30.3
2017-03-14 20:40:58:470,-0.1449,0.9856,-0.0692,137,0,30.3
2017-03-14 20:40:58:480,-0.1288,0.9856,-0.0534,137,0,30.3
2017-03-14 20:40:58:490,-0.1208,1.0014,-0.0692,137,0,30.3
2017-03-14 20:40:58:500,-0.1368,0.9856,-0.0850,137,0,30.3
2017-03-14 20:40:58:510,-0.1208,0.9935,-0.0455,137,0,30.3
2017-03-14 20:40:58:520,-0.1047,0.9935,-0.0218,137,0,30.3
2017-03-14 20:40:58:530,-0.0966,0.9698,-0.0376,137,0,30.3
2017-03-14 20:40:58:540,-0.1047,0.9539,-0.0455,137,0,30.3
2017-03-14 20:40:58:550,-0.1047,1.0014,-0.0218,137,0,30.3
2017-03-14 20:40:58:560,-0.0966,1.0014,-0.0376,137,0,30.3
2017-03-14 20:40:58:570,-0.1288,1.0331,-0.0218,137,0,30.3
2017-03-14 20:40:58:580,-0.0886,0.9935,-0.0455,137,0,30.3
2017-03-14 20:40:58:590,-0.1127,0.9935,-0.0376,137,0,30.3
2017-03-14 20:40:58:600,-0.1208,1.0093,-0.0534,137,0,30.3
2017-03-14 20:40:58:610,-0.1288,1.0172,-0.0534,137,0,30.3
2017-03-14 20:40:58:620,-0.1368,0.9856,-0.0534,137,0,30.3
2017-03-14 20:40:58:630,-0.1610,0.9935,-0.0850,137,0,30.3
2017-03-14 20:40:58:640,-0.1529,0.9935,-0.0929,137,0,30.3
2017-03-14 20:40:58:650,-0.1851,1.0014,-0.0850,137,0,30.3
2017-03-14 20:40:58:660,-0.1771,0.9935,-0.0692,137,0,30.3
2017-03-14 20:40:58:670,-0.1610,0.9935,-0.0534,137,0,30.3
2017-03-14 20:40:58:680,-0.1610,0.9777,-0.0692,137,0,30.3
2017-03-14 20:40:58:690,-0.1690,0.9619,-0.0534,137,0,30.3
2017-03-14 20:40:58:700,-0.1610,0.9698,-0.0534,137,0,30.3
2017-03-14 20:40:58:710,-0.1449,0.9777,-0.0376,137,0,30.3
2017-03-14 20:40:58:720,-0.1368,0.9777,-0.0297,137,0,30.3
2017-03-14 20:40:58:730,-0.1208,0.9856,-0.0139,137,0,30.3
2017-03-14 20:40:58:740,-0.1127,0.9935,-0.0139,137,0,30.3
2017-03-14 20:40:58:750,-0.1047,0.9777,-0.0455,137,0,30.3
2017-03-14 20:40:58:760,-0.1208,0.9777,-0.0376,137,0,30.3
2017-03-14 20:40:58:770,-0.0886,1.0014,-0.0218,137,0,30.3
2017-03-14 20:40:58:780,-0.1208,1.0014,-0.0297,137,0,30.3
2017-03-14 20:40:58:790,-0.0966,1.0014,-0.0534,137,0,30.3
2017-03-14 20:40:58:800,-0.0886,0.9935,-0.0613,137,0,30.3
2017-03-14 20:40:58:810,-0.0966,0.9777,-0.0297,137,0,30.3
2017-03-14 20:40:58:820,-0.0886,1.0014,-0.0534,137,0,30.3
2017-03-14 20:40:58:830,-0.0645,0.9935,-0.0376,137,0,30.3
2017-03-14 20:40:58:840,-0.1047,0.9935,-0.0692,137,0,30.3
2017-03-14 20:40:58:850,-0.0886,1.0093,-0.0692,137,0,30.3
2017-03-14 20:40:58:860,-0.1047,0.9935,-0.0613,137,0,30.3
2017-03-14 20:40:58:870,-0.1047,1.0014,-0.0771,137,0,30.3
2017-03-14 20:40:58:880,-0.1449,1.0014,-0.0692,137,0,30.3
2017-03-14 20:40:58:890,-0.1368,0.9935,-0.0613,137,0,30.3
2017-03-14 20:40:58:900,-0.1529,1.0014,-0.0534,137,0,30.3
2017-03-14 20:40:58:910,-0.1368,1.0014,-0.0534,137,0,30.3
2017-03-14 20:40:58:920,-0.1690,0.9935,-0.0455,137,0,30.3
2017-03-14 20:40:58:930,-0.1610,0.9777,-0.0613,137,0,30.3
2017-03-14 20:40:58:940,-0.1449,0.9856,-0.0534,137,0,30.3
2017-03-14 20:40:58:950,-0.1368,1.0014,-0.0218,137,0,30.3
2017-03-14 20:40:58:960,-0.1288,0.9698,-0.0376,137,0,30.3
2017-03-14 20:40:58:970,-0.1368,0.9698,-0.0376,137,0,30.3
2017-03-14 20:40:58:980,-0.1529,1.0014,-0.0297,137,0,30.3
2017-03-14 20:40:58:990,-0.1449,0.9856,-0.0455,137,0,30.3
2017-03-14 20:40:59:000,-0.1449,0.9935,-0.0455,137,0,30.3
2017-03-14 20:40:59:010,-0.1368,0.9777,-0.0376,137,0,30.3
2017-03-14 20:40:59:020,-0.1368,0.9856,-0.0534,137,0,30.3
2017-03-14 20:40:59:030,-0.1368,0.9777,-0.0692,137,0,30.3
2017-03-14 20:40:59:040,-0.1047,0.9698,-0.0692,137,0,30.3
2017-03-14 20:40:59:050,-0.1127,0.9935,-0.0455,137,0,30.3
2017-03-14 20:40:59:060,-0.0966,0.9777,-0.0534,137,0,30.3
2017-03-14 20:40:59:070,-0.0966,1.0014,-0.0534,137,0,30.3
2017-03-14 20:40:59:080,-0.1288,1.0093,-0.0692,137,0,30.3
2017-03-14 20:40:59:090,-0.1208,1.0014,-0.0692,137,0,30.3
2017-03-14 20:40:59:100,-0.1127,0.9856,-0.0455,137,0,30.3
2017-03-14 20:40:59:110,-0.1127,1.0014,-0.0534,137,0,30.3
2017-03-14 20:40:59:120,-0.1047,0.9698,-0.0455,137,0,30.3
2017-03-14 20:40:59:130,-0.1208,0.9856,-0.0534,137,0,30.3
2017-03-14 20:40:59:140,-0.1368,0.9777,-0.0455,137,0,30.3
2017-03-14 20:40:59:150,-0.1368,0.9619,-0.0534,137,0,30.3
2017-03-14 20:40:59:160,-0.1368,0.9777,-0.0455,137,0,30.3
2017-03-14 20:40:59:170,-0.1288,0.9935,-0.0297,137,0,30.3
2017-03-14 20:40:59:180,-0.1127,0.9856,-0.0455,137,0,30.3
2017-03-14 20:40:59:190,-0.1449,0.9935,-0.0534,137,0,30.3
2017-03-14 20:40:59:200,-0.1529,0.9935,-0.0613,137,0,30.3
2017-03-14 20:40:59:210,-0.1610,1.0014,-0.0534,137,0,30.3
2017-03-14 20:40:59:220,-0.1449,0.9935,-0.0613,137,0,30.3
2017-03-14 20:40:59:230,-0.1288,1.0093,-0.0613,137,0,30.3
2017-03-14 20:40:59:240,-0.1368,0.9698,-0.0692,137,0,30.3
2017-03-14 20:40:59:250,-0.1368,1.0093,-0.0692,137,0,30.3
2017-03-14 20:40:59:260,-0.1368,1.0093,-0.0534,137,0,30.3
2017-03-14 20:40:59:270,-0.1529,0.9935,-0.0771,137,0,30.3
2017-03-14 20:40:59:280,-0.1127,0.9856,-0.0613,137,0,30.3
2017-03-14 20:40:59:290,-0.1449,1.0014,-0.0534,137,0,30.3
2017-03-14 20:40:59:300,-0.1449,0.9935,-0.0534,137,0,30.3
2017-03-14 20:40:59:310,-0.1368,1.0093,-0.0613,137,0,30.3
2017-03-14 20:40:59:320,-0.1127,0.9856,-0.0534,137,0,30.3
2017-03-14 20:40:59:330,-0.1288,0.9856,-0.0534,137,0,30.3
2017-03-14 20:40:59:340,-0.1208,0.9856,-0.0613,137,0,30.3
2017-03-14 20:40:59:350,-0.1288,1.0093,-0.0534,137,0,30.3
2017-03-14 20:40:59:360,-0.1288,0.9935,-0.0455,137,0,30.3
2017-03-14 20:40:59:370,-0.0966,0.9935,-0.0455,137,0,30.3
2017-03-14 20:40:59:380,-0.1368,0.9935,-0.0613,137,0,30.3
2017-03-14 20:40:59:390,-0.1208,0.9935,-0.0376,137,0,30.3
2017-03-14 20:40:59:400,-0.1208,0.9856,-0.0455,137,0,30.3
2017-03-14 20:40:59:410,-0.1208,0.9698,-0.0455,137,0,30.3
2017-03-14 20:40:59:420,-0.1208,0.9935,-0.0929,137,0,30.3
2017-03-14 20:40:59:430,-0.1127,0.9935,-0.0613,137,0,30.3
2017-03-14 20:40:59:440,-0.1288,1.0093,-0.0534,137,0,30.3
2017-03-14 20:40:59:450,-0.1288,1.0172,-0.0692,137,0,30.3
2017-03-14 20:40:59:460,-0.1368,0.9698,-0.0376,137,0,30.3
2017-03-14 20:40:59:470,-0.1529,1.0014,-0.0613,137,0,30.3
2017-03-14 20:40:59:480,-0.1449,0.9935,-0.0534,137,0,30.3
2017-03-14 20:40:59:490,-0.1449,1.0014,-0.0376,137,0,30.3
2017-03-14 20:40:59:500,-0.1368,0.9777,-0.0534,137,0,30.3
2017-03-14 20:40:59:510,-0.1368,1.0014,-0.0613,137,0,30.3
2017-03-14 20:40:59:520,-0.1288,0.9856,-0.0534,137,0,30.3
2017-03-14 20:40:59:530,-0.1449,1.0014,-0.0613,137,0,30.3
2017-03-14 20:40:59:540,-0.1529,0.9856,-0.0534,137,0,30.3
2017-03-14 20:40:59:550,-0.1449,0.9777,-0.0534,137,0,30.3
2017-03-14 20:40:59:560,-0.1368,0.9619,-0.0534,137,0,30.3
2017-03-14 20:40:59:570,-0.1449,0.9935,-0.0534,137,0,30.3
2017-03-14 20:40:59:580,-0.1449,0.9935,-0.0534,137,0,30.3
2017-03-14 20:40:59:590,-0.1288,0.9856,-0.0613,137,0,30.3
2017-03-14 20:40:59:600,-0.1368,0.9856,-0.0613,137,0,30.3
2017-03-14 20:40:59:610,-0.1208,0.9935,-0.0534,137,0,30.3
2017-03-14 20:40:59:620,-0.1449,0.9856,-0.0613,137,0,30.3
2017-03-14 20:40:59:630,-0.1208,0.9619,-0.0771,137,0,30.3
2017-03-14 20:40:59:640,-0.1288,0.9935,-0.0613,137,0,30.3
2017-03-14 20:40:59:650,-0.1368,0.9856,-0.0455,137,0,30.3
2017-03-14 20:40:59:660,-0.1529,1.0093,-0.0850,137,0,30.3
2017-03-14 20:40:59:670,-0.1208,0.9935,-0.0534,137,0,30.3
2017-03-14 20:40:59:680,-0.1127,1.0093,-0.0376,137,0,30.3
2017-03-14 20:40:59:690,-0.1368,1.0093,-0.0376,137,0,30.3
2017-03-14 20:40:59:700,-0.1208,0.9856,-0.0455,137,0,30.3
2017-03-14 20:40:59:710,-0.1208,0.9935,-0.0534,137,0,30.3
2017-03-14 20:40:59:720,-0.1368,0.9935,-0.0534,137,0,30.3
2017-03-14 20:40:59:730,-0.1127,0.9777,-0.0534,137,0,30.3
2017-03-14 20:40:59:740,-0.1288,1.0014,-0.0218,137,0,30.3
2017-03-14 20:40:59:750,-0.1208,0.9935,-0.0613,137,0,30.3
2017-03-14 20:40:59:760,-0.1368,0.9698,-0.0613,137,0,30.3
2017-03-14 20:40:59:770,-0.1449,0.9856,-0.0376,137,0,30.3
2017-03-14 20:40:59:780,-0.1208,0.9935,-0.0613,137,0,30.3
2017-03-14 20:40:59:790,-0.1529,1.0252,-0.0455,137,0,30.3
2017-03-14 20:40:59:800,-0.1288,1.0093,-0.0376,137,0,30.3
2017-03-14 20:40:59:810,-0.1288,1.0014,-0.0534,137,0,30.3
2017-03-14 20:40:59:820,-0.1208,0.9935,-0.0613,137,0,30.3
2017-03-14 20:40:59:830,-0.1449,0.9777,-0.0376,137,0,30.3
2017-03-14 20:40:59:840,-0.1449,1.0093,-0.0534,137,0,30.3
2017-03-14 20:40:59:850,-0.1368,1.0093,-0.0534,137,0,30.3
2017-03-14 20:40:59:860,-0.1449,0.9856,-0.0534,137,0,30.3
2017-03-14 20:40:59:870,-0.1208,0.9935,-0.0534,137,0,30.3
2017-03-14 20:40:59:880,-0.1449,0.9935,-0.0850,137,0,30.3
2017-03-14 20:40:59:890,-0.1368,1.0093,-0.0771,137,0,30.3
2017-03-14 20:40:59:900,-0.1208,0.9777,-0.0297,137,0,30.3
2017-03-14 20:40:59:910,-0.1449,1.0093,-0.0534,137,0,30.3
2017-03-14 20:40:59:920,-0.1449,1.0093,-0.0534,137,0,30.3
2017-03-14 20:40:59:930,-0.1127,0.9777,-0.0455,137,0,30.3
2017-03-14 20:40:59:940,-0.1208,1.0014,-0.0455,137,0,30.3
2017-03-14 20:40:59:950,-0.1368,0.9935,-0.0534,137,0,30.3
2017-03-14 20:40:59:960,-0.1047,1.0014,-0.0534,137,0,30.3
2017-03-14 20:40:59:970,-0.1208,0.9777,-0.0534,137,0,30.3
2017-03-14 20:40:59:980,-0.1288,0.9856,-0.0376,137,0,30.3
2017-03-14 20:40:59:990,-0.1047,0.9935,-0.0534,137,0,30.3
2017-03-14 20:41:00:000,-0.1288,0.9935,-0.0613,137,0,30.3
2017-03-14 20:41:00:010,-0.1288,0.9856,-0.0534,137,0,30.3
2017-03-14 20:41:00:020,-0.0966,0.9856,-0.0613,137,0,30.3
2017-03-14 20:41:00:030,-0.1288,1.0014,-0.0613,137,0,30.3
2017-03-14 20:41:00:040,-0.1208,0.9935,-0.0455,137,0,30.3
2017-03-14 20:41:00:050,-0.1208,0.9856,-0.0297,137,0,30.3
2017-03-14 20:41:00:060,-0.1208,0.9856,-0.0534,137,0,30.3
2017-03-14 20:41:00:070,-0.1208,1.0093,-0.0534,137,0,30.3
2017-03-14 20:41:00:080,-0.1047,0.9935,-0.0534,137,0,30.3
2017-03-14 20:41:00:090,-0.1208,0.9935,-0.0376,137,0,30.3
2017-03-14 20:41:00:100,-0.1288,0.9777,-0.0534,137,0,30.3
2017-03-14 20:41:00:110,-0.1127,1.0014,-0.0534,137,0,30.3
2017-03-14 20:41:00:120,-0.1368,0.9935,-0.0534,137,0,30.3
2017-03-14 20:41:00:130,-0.1368,0.9856,-0.0613,137,0,30.3
2017-03-14 20:41:00:140,-0.1449,1.0014,-0.0534,137,0,30.3
2017-03-14 20:41:00:150,-0.1288,0.9935,-0.0613,137,0,30.3
2017-03-14 20:41:00:160,-0.1368,1.0014,-0.0534,137,0,30.3
2017-03-14 20:41:00:170,-0.1127,0.9856,-0.0613,137,0,30.3
2017-03-14 20:41:00:180,-0.1288,0.9935,-0.0534,137,0,30.3
2017-03-14 20:41:00:190,-0.1288,0.9777,-0.0692,137,0,30.3
2017-03-14 20:41:00:200,-0.1127,0.9777,-0.0455,137,0,30.3
2017-03-14 20:41:00:210,-0.1127,0.9698,-0.0376,137,0,30.3
2017-03-14 20:41:00:220,-0.1288,0.9935,-0.0376,137,0,30.3
2017-03-14 20:41:00:230,-0.1047,0.9856,-0.0534,137,0,30.3
2017-03-14 20:41:00:240,-0.1208,0.9777,-0.0613,137,0,30.3
2017-03-14 20:41:00:250,-0.1208,0.9935,-0.0297,137,0,30.3
2017-03-14 20:41:00:260,-0.1127,0.9856,-0.0692,137,0,30.3
2017-03-14 20:41:00:270,-0.1047,1.0014,-0.0455,137,0,30.3
2017-03-14 20:41:00:280,-0.1208,0.9856,-0.0297,137,0,30.3
2017-03-14 20:41:00:290,-0.1288,0.9777,-0.0692,137,0,30.3
2017-03-14 20:41:00:300,-0.1368,0.9777,-0.0613,137,0,30.3
2017-03-14 20:41:00:310,-0.1288,0.9856,-0.0534,137,0,30.3
2017-03-14 20:41:00:320,-0.1368,1.0093,-0.0534,137,0,30.3
2017-03-14 20:41:00:330,-0.1208,0.9777,-0.0376,137,0,30.3
2017-03-14 20:41:00:340,-0.1208,0.9935,-0.0534,137,0,30.3
2017-03-14 20:41:00:350,-0.1208,0.9935,-0.0613,137,0,30.3
2017-03-14 20:41:00:360,-0.1288,0.9856,-0.0534,137,0,30.3
2017-03-14 20:41:00:370,-0.1208,0.9935,-0.0534,137,0,30.3
2017-03-14 20:41:00:380,-0.1127,0.9935,-0.0297,137,0,30.3
2017-03-14 20:41:00:390,-0.1127,1.0014,-0.0455,137,0,30.3
2017-03-14 20:41:00:400,-0.1047,0.9777,-0.0534,137,0,30.3
2017-03-14 20:41:00:410,-0.1288,0.9935,-0.0534,137,0,30.3
2017-03-14 20:41:00:420,-0.1208,0.9777,-0.0534,137,0,30.3
2017-03-14 20:41:00:430,-0.1047,0.9856,-0.0534,137,0,30.3
2017-03-14 20:41:00:440,-0.1208,0.9856,-0.0218,137,0,30.3
2017-03-14 20:41:00:450,-0.1127,0.9935,-0.0534,137,0,30.3
2017-03-14 20:41:00:460,-0.1127,0.9935,-0.0297,137,0,30.3
2017-03-14 20:41:00:470,-0.1288,0.9935,-0.0376,137,0,30.3
2017-03-14 20:41:00:480,-0.1368,1.0093,-0.0455,137,0,30.3
2017-03-14 20:41:00:490,-0.1127,0.9856,-0.0455,137,0,30.3
2017-03-14 20:41:00:500,-0.1127,0.9856,-0.0534,137,0,30.3
2017-03-14 20:41:00:510,-0.1208,1.0014,-0.0455,137,0,30.3
2017-03-14 20:41:00:520,-0.1208,0.9935,-0.0534,137,0,30.3
2017-03-14 20:41:00:530,-0.1208,1.0014,-0.0534,137,0,30.3
2017-03-14 20:41:00:540,-0.1288,1.0093,-0.0692,137,0,30.3
2017-03-14 20:41:00:550,-0.1529,1.0014,-0.0613,137,0,30.3
2017-03-14 20:41:00:560,-0.1368,1.0093,-0.0376,137,0,30.3
2017-03-14 20:41:00:570,-0.1529,0.9935,-0.0613,137,0,30.3
2017-03-14 20:41:00:580,-0.1127,1.0014,-0.0534,137,0,30.3
2017-03-14 20:41:00:590,-0.1368,1.0093,-0.0297,137,0,30.3
2017-03-14 20:41:00:600,-0.1208,0.9777,-0.0850,137,0,30.3
2017-03-14 20:41:00:610,-0.1368,1.0172,-0.0613,137,0,30.3
2017-03-14 20:41:00:620,-0.1529,1.0093,-0.0534,137,0,30.3
2017-03-14 20:41:00:630,-0.1288,0.9935,-0.0613,137,0,30.3
2017-03-14 20:41:00:640,-0.1449,0.9935,-0.0534,137,0,30.3
2017-03-14 20:41:00:650,-0.1208,0.9935,-0.0534,137,0,30.3
2017-03-14 20:41:00:660,-0.1368,0.9935,-0.0455,137,0,30.3
2017-03-14 20:41:00:670,-0.1368,0.9935,-0.0455,137,0,30.3
2017-03-14 20:41:00:680,-0.1368,1.0014,-0.0613,137,0,30.3
2017-03-14 20:41:00:690,-0.1047,0.9856,-0.0534,137,0,30.3
2017-03-14 20:41:00:700,-0.1449,0.9856,-0.0534,137,0,30.3
2017-03-14 20:41:00:710,-0.1127,0.9777,-0.0613,137,0,30.3
2017-03-14 20:41:00:720,-0.1368,1.0172,-0.0534,137,0,30.3
2017-03-14 20:41:00:730,-0.1288,0.9935,-0.0455,137,0,30.3
2017-03-14 20:41:00:740,-0.0966,1.0093,-0.0376,137,0,30.3
2017-03-14 20:41:00:750,-0.1047,0.9777,-0.0376,137,0,30.3
2017-03-14 20:41:00:760,-0.0886,0.9935,-0.0139,137,0,30.3
2017-03-14 20:41:00:770,-0.1047,1.0093,-0.0060,137,0,30.3
2017-03-14 20:41:00:780,-0.0966,0.9935,-0.0534,137,0,30.3
2017-03-14 20:41:00:790,-0.0806,0.9935,-0.0455,137,0,30.3
2017-03-14 20:41:00:800,-0.0886,1.0014,-0.0534,137,0,30.3
2017-03-14 20:41:00:810,-0.1047,1.0014,-0.0692,137,0,30.3
2017-03-14 20:41:00:820,-0.1127,1.0014,-0.0692,137,0,30.3
2017-03-14 20:41:00:830,-0.1047,1.0093,-0.0297,137,0,30.3
2017-03-14 20:41:00:840,-0.1368,1.0093,-0.0613,137,0,30.3
2017-03-14 20:41:00:850,-0.1288,0.9935,-0.0534,137,0,30.3
2017-03-14 20:41:00:860,-0.1288,1.0093,-0.0534,137,0,30.3
2017-03-14 20:41:00:870,-0.1368,0.9698,-0.0534,137,0,30.3
2017-03-14 20:41:00:880,-0.1208,0.9935,-0.0771,137,0,30.3
2017-03-14 20:41:00:890,-0.1449,1.0093,-0.0534,137,0,30.3
2017-03-14 20:41:00:900,-0.1368,0.9777,-0.0455,137,0,30.3
2017-03-14 20:41:00:910,-0.1529,0.9935,-0.0613,137,0,30.3
2017-03-14 20:41:00:920,-0.1208,0.9856,-0.0534,137,0,30.3
2017-03-14 20:41:00:930,-0.1449,0.9935,-0.0534,137,0,30.3
2017-03-14 20:41:00:940,-0.1208,0.9856,-0.0376,137,0,30.3
2017-03-14 20:41:00:950,-0.1047,0.9698,-0.0534,137,0,30.3
2017-03-14 20:41:00:960,-0.1449,0.9935,-0.0771,137,0,30.3
2017-03-14 20:41:00:970,-0.1288,0.9698,-0.0534,137,0,30.3
2017-03-14 20:41:00:980,-0.1368,0.9856,-0.0534,137,0,30.3
2017-03-14 20:41:00:990,-0.1208,0.9935,-0.0376,137,0,30.3
2017-03-14 20:41:01:000,-0.0966,0.9935,-0.0534,137,0,30.3
2017-03-14 20:41:01:010,-0.1208,0.9856,-0.0534,137,0,30.3
2017-03-14 20:41:01:020,-0.1368,1.0014,-0.0534,137,0,30.3
2017-03-14 20:41:01:030,-0.1288,1.0093,-0.0534,137,0,30.3
2017-03-14 20:41:01:040,-0.1208,0.9935,-0.0455,137,0,30.3
2017-03-14 20:41:01:050,-0.1047,1.0014,-0.0534,137,0,30.3
2017-03-14 20:41:01:060,-0.1047,0.9935,-0.0534,137,0,30.3
2017-03-14 20:41:01:070,-0.1047,1.0093,-0.0297,137,0,30.3
2017-03-14 20:41:01:080,-0.0886,0.9935,-0.0534,137,0,30.3
2017-03-14 20:41:01:090,-0.1208,1.0014,-0.0297,137,0,30.3
2017-03-14 20:41:01:100,-0.1127,0.9935,-0.0297,137,0,30.3
2017-03-14 20:41:01:110,-0.1127,0.9777,-0.0376,137,0,30.3
2017-03-14 20:41:01:120,-0.1047,0.9856,-0.0455,137,0,30.3
2017-03-14 20:41:01:130,-0.1208,0.9935,-0.0534,137,0,30.3
2017-03-14 20:41:01:140,-0.1208,0.9935,-0.0534,137,0,30.3
2017-03-14 20:41:01:150,-0.1288,0.9856,-0.0534,137,0,30.3
2017-03-14 20:41:01:160,-0.1208,1.0093,-0.0534,137,0,30.3
2017-03-14 20:41:01:170,-0.1449,0.9935,-0.0376,137,0,30.3
2017-03-14 20:41:01:180,-0.1208,1.0014,-0.0534,137,0,30.3
2017-03-14 20:41:01:190,-0.1368,1.0093,-0.0534,137,0,30.3
2017-03-14 20:41:01:200,-0.1449,1.0014,-0.0455,137,0,30.3
2017-03-14 20:41:01:210,-0.1208,0.9935,-0.0455,137,0,30.3
2017-03-14 20:41:01:220,-0.1127,0.9935,-0.0534,137,0,30.3
2017-03-14 20:41:01:230,-0.1449,1.0014,-0.0455,120,0,30.3
2017-03-14 20:41:01:240,-0.1368,0.9777,-0.0218,120,0,30.3
2017-03-14 20:41:01:250,-0.1449,0.9777,-0.0692,120,0,30.3
2017-03-14 20:41:01:260,-0.1288,0.9777,-0.0613,137,0,30.3
2017-03-14 20:41:01:270,-0.1449,0.9698,-0.0613,137,0,30.3
2017-03-14 20:41:01:280,-0.1449,0.9935,-0.0534,137,0,30.3
2017-03-14 20:41:01:290,-0.1529,1.0014,-0.0771,137,0,30.3
2017-03-14 20:41:01:300,-0.1208,1.0093,-0.0534,120,0,30.3
2017-03-14 20:41:01:310,-0.1127,0.9935,-0.0613,120,0,30.3
2017-03-14 20:41:01:320,-0.0966,0.9856,-0.0218,120,0,30.3
2017-03-14 20:41:01:330,-0.0886,0.9777,-0.0455,137,0,30.3
2017-03-14 20:41:01:340,-0.0886,0.9935,-0.0613,120,0,30.3
2017-03-14 20:41:01:350,-0.0966,1.0014,-0.0297,137,0,30.3
2017-03-14 20:41:01:360,-0.0806,0.9856,-0.0534,120,0,30.3
2017-03-14 20:41:01:370,-0.1047,0.9856,-0.0376,120,0,30.3
2017-03-14 20:41:01:380,-0.0966,1.0014,-0.0376,120,0,30.3
2017-03-14 20:41:01:390,-0.0966,0.9777,-0.0534,137,0,30.3
2017-03-14 20:41:01:400,-0.1127,0.9856,-0.0613,120,0,30.3
2017-03-14 20:41:01:410,-0.1127,0.9698,-0.0376,120,0,30.3
2017-03-14 20:41:01:420,-0.1047,0.9856,-0.0455,120,0,30.3
2017-03-14 20:41:01:430,-0.1127,0.9935,-0.0455,120,0,30.3
2017-03-14 20:41:01:440,-0.1208,0.9777,-0.0534,120,0,30.3
2017-03-14 20:41:01:450,-0.1127,0.9777,-0.0534,120,0,30.3
2017-03-14 20:41:01:460,-0.1127,0.9777,-0.0534,120,0,30.3
2017-03-14 20:41:01:470,-0.1368,0.9935,-0.0613,120,0,30.3
2017-03-14 20:41:01:480,-0.1368,0.9856,-0.0613,120,0,30.3
2017-03-14 20:41:01:490,-0.1449,1.0014,-0.0376,120,0,30.3
2017-03-14 20:41:01:500,-0.1449,0.9777,-0.0692,120,0,30.3
2017-03-14 20:41:01:510,-0.1449,0.9935,-0.0534,120,0,30.3
2017-03-14 20:41:01:520,-0.1208,0.9935,-0.0534,120,0,30.3
2017-03-14 20:41:01:530,-0.1368,0.9856,-0.0613,120,0,30.3
2017-03-14 20:41:01:540,-0.1288,0.9935,-0.0534,120,0,30.3
2017-03-14 20:41:01:550,-0.1449,0.9935,-0.0218,120,0,30.3
2017-03-14 20:41:01:560,-0.1288,0.9935,-0.0534,120,0,30.3
2017-03-14 20:41:01:570,-0.1288,1.0014,-0.0613,120,0,30.3
2017-03-14 20:41:01:580,-0.1047,0.9856,-0.0534,120,0,30.3
2017-03-14 20:41:01:590,-0.1127,0.9777,-0.0534,120,0,30.3
2017-03-14 20:41:01:600,-0.1127,1.0014,-0.0534,120,0,30.3
2017-03-14 20:41:01:610,-0.1047,1.0014,-0.0455,120,0,30.3
2017-03-14 20:41:01:620,-0.1288,1.0014,-0.0534,120,0,30.3
2017-03-14 20:41:01:630,-0.1127,1.0093,-0.0376,120,0,30.3
2017-03-14 20:41:01:640,-0.1288,1.0252,-0.0534,120,0,30.3
2017-03-14 20:41:01:650,-0.0966,0.9935,-0.0455,120,0,30.3
2017-03-14 20:41:01:660,-0.1047,0.9935,-0.0139,120,0,30.3
2017-03-14 20:41:01:670,-0.1368,1.0172,-0.0455,120,0,30.3
2017-03-14 20:41:01:680,-0.1047,0.9777,-0.0613,120,0,30.3
2017-03-14 20:41:01:690,-0.1047,0.9777,-0.0613,120,0,30.3
2017-03-14 20:41:01:700,-0.1529,1.0172,-0.0534,120,0,30.3
2017-03-14 20:41:01:710,-0.1127,1.0014,-0.0376,120,0,30.3
2017-03-14 20:41:01:720,-0.1127,1.0093,-0.0534,120,0,30.3
2017-03-14 20:41:01:730,-0.1288,0.9935,-0.0534,120,0,30.3
2017-03-14 20:41:01:740,-0.1208,1.0172,-0.0297,120,0,30.3
2017-03-14 20:41:01:750,-0.1047,0.9619,-0.0534,120,0,30.3
2017-03-14 20:41:01:760,-0.1288,0.9856,-0.0613,120,0,30.3
2017-03-14 20:41:01:770,-0.1208,0.9777,-0.0613,120,0,30.3
2017-03-14 20:41:01:780,-0.1529,0.9856,-0.0613,120,0,30.3
2017-03-14 20:41:01:790,-0.1529,1.0172,-0.0455,120,0,30.3
2017-03-14 20:41:01:800,-0.1288,0.9777,-0.0771,120,0,30.3
2017-03-14 20:41:01:810,-0.1368,1.0014,-0.0534,120,0,30.3
2017-03-14 20:41:01:820,-0.1449,1.0093,-0.0534,120,0,30.3
2017-03-14 20:41:01:830,-0.1127,0.9856,-0.0534,120,0,30.3
2017-03-14 20:41:01:840,-0.1288,0.9777,-0.0297,120,0,30.3
2017-03-14 20:41:01:850,-0.1208,0.9619,-0.0534,120,0,30.3
2017-03-14 20:41:01:860,-0.1288,0.9619,-0.0376,120,0,30.3
2017-03-14 20:41:01:870,-0.1047,0.9856,-0.0534,120,0,30.3
2017-03-14 20:41:01:880,-0.1127,1.0093,-0.0455,120,0,30.3
2017-03-14 20:41:01:890,-0.1127,0.9777,-0.0534,120,0,30.3
2017-03-14 20:41:01:900,-0.1127,1.0172,-0.0534,120,0,30.3
2017-03-14 20:41:01:910,-0.1047,0.9698,-0.0613,120,0,30.3
2017-03-14 20:41:01:920,-0.0886,0.9856,-0.0534,120,0,30.3
2017-03-14 20:41:01:930,-0.1047,0.9856,-0.0455,120,0,30.3
2017-03-14 20:41:01:940,-0.1127,0.9935,-0.0692,120,0,30.3
2017-03-14 20:41:01:950,-0.1047,0.9777,-0.0534,120,0,30.3
2017-03-14 20:41:01:960,-0.1047,1.0014,-0.0692,120,0,30.3
2017-03-14 20:41:01:970,-0.0966,0.9856,-0.0534,120,0,30.3
2017-03-14 20:41:01:980,-0.1288,1.0014,-0.0534,120,0,30.3
2017-03-14 20:41:01:990,-0.1288,0.9935,-0.0455,120,0,30.3
2017-03-14 20:41:02:000,-0.1208,0.9935,-0.0771,120,0,30.3
2017-03-14 20:41:02:010,-0.1208,0.9935,-0.0376,120,0,30.3
2017-03-14 20:41:02:020,-0.1127,0.9777,-0.0534,120,0,30.3
2017-03-14 20:41:02:030,-0.1368,0.9935,-0.0534,120,0,30.3
2017-03-14 20:41:02:040,-0.1368,0.9935,-0.0455,120,0,30.3
2017-03-14 20:41:02:050,-0.1368,0.9856,-0.0613,120,0,30.3
2017-03-14 20:41:02:060,-0.1208,0.9856,-0.0534,120,0,30.3
2017-03-14 20:41:02:070,-0.1368,1.0093,-0.0534,120,0,30.3
2017-03-14 20:41:02:080,-0.1047,0.9856,-0.0534,120,0,30.3
2017-03-14 20:41:02:090,-0.1368,1.0014,-0.0376,120,0,30.3
2017-03-14 20:41:02:100,-0.1288,1.0014,-0.0534,120,0,30.3
2017-03-14 20:41:02:110,-0.1449,1.0093,-0.0534,120,0,30.3
2017-03-14 20:41:02:120,-0.1368,1.0172,-0.0534,120,0,30.3
2017-03-14 20:41:02:130,-0.1368,1.0014,-0.0929,120,0,30.3
2017-03-14 20:41:02:140,-0.1288,1.0014,-0.0534,120,0,30.3
2017-03-14 20:41:02:150,-0.1208,0.9856,-0.0534,120,0,30.3
2017-03-14 20:41:02:160,-0.1047,0.9935,-0.0297,120,0,30.3
2017-03-14 20:41:02:170,-0.1208,1.0014,-0.0376,120,0,30.3
2017-03-14 20:41:02:180,-0.1127,1.0014,-0.0534,120,0,30.3
2017-03-14 20:41:02:190,-0.1047,0.9935,-0.0534,120,0,30.3
2017-03-14 20:41:02:200,-0.1127,0.9935,-0.0455,120,0,30.3
2017-03-14 20:41:02:210,-0.0966,0.9856,-0.0376,120,0,30.3
2017-03-14 20:41:02:220,-0.1288,0.9698,-0.0139,120,0,30.3
2017-03-14 20:41:02:230,-0.1288,1.0172,-0.0376,120,0,30.3
2017-03-14 20:41:02:240,-0.1208,0.9698,-0.0534,120,0,30.3
2017-03-14 20:41:02:250,-0.1127,0.9856,-0.0376,120,0,30.3
2017-03-14 20:41:02:260,-0.1127,1.0014,-0.0534,120,0,30.3
2017-03-14 20:41:02:270,-0.1047,0.9856,-0.0534,120,0,30.3
2017-03-14 20:41:02:280,-0.1288,1.0093,-0.0692,120,0,30.3
2017-03-14 20:41:02:290,-0.1208,1.0172,-0.0534,120,0,30.3
2017-03-14 20:41:02:300,-0.1208,0.9935,-0.0297,120,0,30.3
2017-03-14 20:41:02:310,-0.1208,1.0093,-0.0534,120,0,30.3
2017-03-14 20:41:02:320,-0.1127,0.9935,-0.0534,120,0,30.3
2017-03-14 20:41:02:330,-0.1208,0.9935,-0.0534,120,0,30.3
2017-03-14 20:41:02:340,-0.1208,0.9935,-0.0376,120,0,30.3
2017-03-14 20:41:02:350,-0.1208,0.9856,-0.0771,120,0,30.3
2017-03-14 20:41:02:360,-0.1288,0.9777,-0.0613,120,0,30.3
2017-03-14 20:41:02:370,-0.1288,1.0093,-0.0534,120,0,30.3
2017-03-14 20:41:02:380,-0.1127,0.9935,-0.0455,120,0,30.3
2017-03-14 20:41:02:390,-0.1208,1.0093,-0.0534,120,0,30.3
2017-03-14 20:41:02:400,-0.1288,0.9777,-0.0534,120,0,30.3
2017-03-14 20:41:02:410,-0.1368,0.9935,-0.0692,120,0,30.3
2017-03-14 20:41:02:420,-0.1047,0.9777,-0.0534,120,0,30.3
2017-03-14 20:41:02:430,-0.1127,0.9777,-0.0376,120,0,30.3
2017-03-14 20:41:02:440,-0.1449,0.9935,-0.0534,120,0,30.3
2017-03-14 20:41:02:450,-0.1047,0.9777,-0.0534,120,0,30.3
2017-03-14 20:41:02:460,-0.1127,0.9935,-0.0534,120,0,30.3
2017-03-14 20:41:02:470,-0.1047,0.9935,-0.0534,120,0,30.3
2017-03-14 20:41:02:480,-0.1208,0.9856,-0.0771,120,0,30.3
2017-03-14 20:41:02:490,-0.1368,1.0172,-0.0613,120,0,30.3
2017-03-14 20:41:02:500,-0.1368,1.0093,-0.0534,120,0,30.3
2017-03-14 20:41:02:510,-0.1127,0.9856,-0.0692,120,0,30.3
2017-03-14 20:41:02:520,-0.1368,0.9935,-0.0613,120,0,30.3
2017-03-14 20:41:02:530,-0.0966,0.9698,-0.0692,120,0,30.3
2017-03-14 20:41:02:540,-0.1208,1.0014,-0.0534,120,0,30.3
2017-03-14 20:41:02:550,-0.1529,1.0014,-0.0297,120,0,30.3
2017-03-14 20:41:02:560,-0.1288,1.0172,-0.0534,120,0,30.3
2017-03-14 20:41:02:570,-0.1449,1.0014,-0.0613,120,0,30.3
2017-03-14 20:41:02:580,-0.1529,1.0014,-0.0534,120,0,30.3
2017-03-14 20:41:02:590,-0.1288,0.9698,-0.0692,120,0,30.3
2017-03-14 20:41:02:600,-0.1208,0.9856,-0.0534,120,0,30.3
2017-03-14 20:41:02:610,-0.1288,0.9777,-0.0692,120,0,30.3
2017-03-14 20:41:02:620,-0.0806,0.9698,-0.0534,120,0,30.3
2017-03-14 20:41:02:630,-0.1288,0.9935,-0.0613,120,0,30.3
2017-03-14 20:41:02:640,-0.1208,0.9856,-0.0613,120,0,30.3
2017-03-14 20:41:02:650,-0.1449,1.0172,-0.0297,120,0,30.3
2017-03-14 20:41:02:660,-0.1288,0.9619,-0.0613,120,0,30.3
2017-03-14 20:41:02:670,-0.1368,0.9935,-0.0534,120,0,30.3
2017-03-14 20:41:02:680,-0.1208,0.9777,-0.0376,120,0,30.3
2017-03-14 20:41:02:690,-0.0966,0.9698,-0.0850,120,0,30.3
2017-03-14 20:41:02:700,-0.0966,0.9777,-0.0692,120,0,30.3
2017-03-14 20:41:02:710,-0.1127,1.0014,-0.0692,120,0,30.3
2017-03-14 20:41:02:720,-0.0966,0.9856,-0.0613,120,0,30.3
2017-03-14 20:41:02:730,-0.1208,0.9698,-0.0455,120,0,30.3
2017-03-14 20:41:02:740,-0.1288,0.9856,-0.0613,120,0,30.3
2017-03-14 20:41:02:750,-0.1208,0.9777,-0.0534,120,0,30.3
2017-03-14 20:41:02:760,-0.1127,0.9698,-0.0534,120,0,30.3
2017-03-14 20:41:02:770,-0.1288,0.9935,-0.0613,120,0,30.3
2017-03-14 20:41:02:780,-0.1047,0.9935,-0.0455,120,0,30.3
2017-03-14 20:41:02:790,-0.1127,0.9935,-0.0534,120,0,30.3
2017-03-14 20:41:02:800,-0.1208,0.9935,-0.0613,120,0,30.3
2017-03-14 20:41:02:810,-0.1127,0.9935,-0.0534,120,0,30.3
2017-03-14 20:41:02:820,-0.1368,1.0093,-0.0534,120,0,30.3
2017-03-14 20:41:02:830,-0.1208,1.0014,-0.0534,120,0,30.3
2017-03-14 20:41:02:840,-0.1449,1.0093,-0.0455,120,0,30.3
2017-03-14 20:41:02:850,-0.1288,1.0014,-0.0376,120,0,30.3
2017-03-14 20:41:02:860,-0.1208,1.0014,-0.0534,120,0,30.3
2017-03-14 20:41:02:870,-0.1208,1.0093,-0.0534,120,0,30.3
2017-03-14 20:41:02:880,-0.1288,1.0014,-0.0376,120,0,30.3
2017-03-14 20:41:02:890,-0.1047,0.9935,-0.0534,120,0,30.3
2017-03-14 20:41:02:900,-0.1127,0.9935,-0.0534,120,0,30.3
2017-03-14 20:41:02:910,-0.1288,1.0093,-0.0850,120,0,30.3
2017-03-14 20:41:02:920,-0.1449,1.0172,-0.0534,120,0,30.3
2017-03-14 20:41:02:930,-0.1047,0.9856,-0.0534,120,0,30.3
2017-03-14 20:41:02:940,-0.1047,0.9935,-0.0455,120,0,30.3
2017-03-14 20:41:02:950,-0.1127,0.9935,-0.0613,120,0,30.3
2017-03-14 20:41:02:960,-0.1127,0.9935,-0.0534,120,0,30.3
2017-03-14 20:41:02:970,-0.1368,1.0014,-0.0534,120,0,30.3
2017-03-14 20:41:02:980,-0.1288,0.9935,-0.0613,120,0,30.3
2017-03-14 20:41:02:990,-0.1288,0.9777,-0.0376,120,0,30.3
2017-03-14 20:41:03:000,-0.1127,0.9698,-0.0850,120,0,30.3
2017-03-14 20:41:03:010,-0.1208,0.9935,-0.0771,120,0,30.3
2017-03-14 20:41:03:020,-0.1288,0.9698,-0.0613,120,0,30.3
2017-03-14 20:41:03:030,-0.1208,0.9935,-0.0534,120,0,30.3
2017-03-14 20:41:03:040,-0.1288,0.9777,-0.0534,120,0,30.3
2017-03-14 20:41:03:050,-0.1449,1.0093,-0.0297,120,0,30.3
2017-03-14 20:41:03:060,-0.1047,0.9777,-0.0534,120,0,30.3
2017-03-14 20:41:03:070,-0.1449,0.9856,-0.0692,120,0,30.3
2017-03-14 20:41:03:080,-0.1208,0.9856,-0.0534,120,0,30.3
2017-03-14 20:41:03:090,-0.1368,0.9856,-0.0613,120,0,30.3
2017-03-14 20:41:03:100,-0.1127,0.9698,-0.0455,120,0,30.3
2017-03-14 20:41:03:110,-0.1127,1.0093,-0.0534,120,0,30.3
2017-03-14 20:41:03:120,-0.1127,0.9935,-0.0534,120,0,30.3
2017-03-14 20:41:03:130,-0.1288,0.9935,-0.0455,120,0,30.3
2017-03-14 20:41:03:140,-0.1288,1.0093,-0.0376,120,0,30.3
2017-03-14 20:41:03:150,-0.1288,0.9935,-0.0692,120,0,30.3
2017-03-14 20:41:03:160,-0.1127,0.9698,-0.0613,120,0,30.3
2017-03-14 20:41:03:170,-0.1208,1.0093,-0.0692,120,0,30.3
2017-03-14 20:41:03:180,-0.1288,0.9935,-0.0613,120,0,30.3
2017-03-14 20:41:03:190,-0.1368,1.0014,-0.0534,120,0,30.3
2017-03-14 20:41:03:200,-0.1208,1.0093,-0.0534,120,0,30.3
2017-03-14 20:41:03:210,-0.1529,1.0014,-0.0534,120,0,30.3
2017-03-14 20:41:03:220,-0.1449,0.9698,-0.0297,120,0,30.3
2017-03-14 20:41:03:230,-0.1208,0.9777,-0.0534,120,0,30.3
2017-03-14 20:41:03:240,-0.1127,0.9698,-0.0376,120,0,30.3
2017-03-14 20:41:03:250,-0.1208,1.0093,-0.0534,120,0,30.3
2017-03-14 20:41:03:260,-0.1208,0.9856,-0.0455,120,0,30.3
2017-03-14 20:41:03:270,-0.1047,0.9698,-0.0613,120,0,30.3
2017-03-14 20:41:03:280,-0.1208,0.9856,-0.0692,120,0,30.3
2017-03-14 20:41:03:290,-0.1208,0.9856,-0.0376,120,0,30.3
2017-03-14 20:41:03:300,-0.1047,0.9856,-0.0297,120,0,30.3
2017-03-14 20:41:03:310,-0.1127,0.9777,-0.0455,120,0,30.3
2017-03-14 20:41:03:320,-0.1288,1.0093,-0.0455,120,0,30.3
2017-03-14 20:41:03:330,-0.1368,1.0014,-0.0613,120,0,30.3
2017-03-14 20:41:03:340,-0.1368,0.9856,-0.0455,120,0,30.3
2017-03-14 20:41:03:350,-0.1449,0.9935,-0.0534,120,0,30.3
2017-03-14 20:41:03:360,-0.1047,1.0014,-0.0771,120,0,30.3
2017-03-14 20:41:03:370,-0.1047,1.0014,-0.0297,120,0,30.3
2017-03-14 20:41:03:380,-0.1288,0.9856,-0.0534,120,0,30.3
2017-03-14 20:41:03:390,-0.1208,0.9856,-0.0376,120,0,30.3
2017-03-14 20:41:03:400,-0.1208,0.9777,-0.0534,120,0,30.3
2017-03-14 20:41:03:410,-0.1288,0.9935,-0.0613,120,0,30.3
2017-03-14 20:41:03:420,-0.1368,1.0093,-0.0455,120,0,30.3
2017-03-14 20:41:03:430,-0.1288,0.9856,-0.0534,120,0,30.3
2017-03-14 20:41:03:440,-0.1368,0.9935,-0.0534,120,0,30.3
2017-03-14 20:41:03:450,-0.1368,0.9935,-0.0534,120,0,30.3
2017-03-14 20:41:03:460,-0.1047,1.0014,-0.0455,120,0,30.3
2017-03-14 20:41:03:470,-0.1047,0.9698,-0.0534,120,0,30.3
2017-03-14 20:41:03:480,-0.1288,0.9777,-0.0534,120,0,30.3
2017-03-14 20:41:03:490,-0.1208,1.0172,-0.0613,120,0,30.3
2017-03-14 20:41:03:500,-0.1208,1.0014,-0.0534,120,0,30.3
2017-03-14 20:41:03:510,-0.1208,1.0014,-0.0534,120,0,30.3
2017-03-14 20:41:03:520,-0.1288,0.9856,-0.0613,120,0,30.3
2017-03-14 20:41:03:530,-0.1208,0.9698,-0.0297,120,0,30.3
2017-03-14 20:41:03:540,-0.1208,0.9856,-0.0376,120,0,30.3
2017-03-14 20:41:03:550,-0.1288,0.9935,-0.0534,120,0,30.3
2017-03-14 20:41:03:560,-0.1368,1.0014,-0.0692,120,0,30.3
2017-03-14 20:41:03:570,-0.1288,0.9935,-0.0613,120,0,30.3
2017-03-14 20:41:03:580,-0.1127,0.9856,-0.0613,120,0,30.3
2017-03-14 20:41:03:590,-0.0966,0.9619,-0.0613,120,0,30.3
2017-03-14 20:41:03:600,-0.1288,0.9935,-0.0771,120,0,30.3
2017-03-14 20:41:03:610,-0.1449,1.0093,-0.0534,120,0,30.3
2017-03-14 20:41:03:620,-0.1288,1.0172,-0.0455,120,0,30.3
2017-03-14 20:41:03:630,-0.1449,0.9935,-0.0455,120,0,30.3
2017-03-14 20:41:03:640,-0.1208,0.9935,-0.0534,120,0,30.3
2017-03-14 20:41:03:650,-0.1127,0.9856,-0.0534,120,0,30.3
2017-03-14 20:41:03:660,-0.1208,0.9935,-0.0613,120,0,30.3
2017-03-14 20:41:03:670,-0.1368,0.9935,-0.0771,120,0,30.3
2017-03-14 20:41:03:680,-0.1127,0.9935,-0.0613,120,0,30.3
2017-03-14 20:41:03:690,-0.1208,0.9698,-0.0534,120,0,30.3
2017-03-14 20:41:03:700,-0.1047,0.9698,-0.0692,120,0,30.3
2017-03-14 20:41:03:710,-0.1047,0.9777,-0.0613,120,0,30.3
2017-03-14 20:41:03:720,-0.1047,0.9935,-0.0613,120,0,30.3
2017-03-14 20:41:03:730,-0.1208,0.9777,-0.0534,120,0,30.3
2017-03-14 20:41:03:740,-0.1127,0.9856,-0.0613,120,0,30.3
2017-03-14 20:41:03:750,-0.1127,0.9856,-0.0534,120,0,30.3
2017-03-14 20:41:03:760,-0.1208,1.0093,-0.0613,120,0,30.3
2017-03-14 20:41:03:770,-0.1288,1.0014,-0.0534,120,0,30.3
2017-03-14 20:41:03:780,-0.1208,1.0093,-0.0534,120,0,30.3
2017-03-14 20:41:03:790,-0.1288,0.9935,-0.0534,120,0,30.3
2017-03-14 20:41:03:800,-0.1368,1.0093,-0.0534,120,0,30.3
2017-03-14 20:41:03:810,-0.1288,0.9935,-0.0534,120,0,30.3
2017-03-14 20:41:03:820,-0.1288,0.9856,-0.0455,120,0,30.3
2017-03-14 20:41:03:830,-0.1368,1.0172,-0.0534,120,0,30.3
2017-03-14 20:41:03:840,-0.1288,1.0014,-0.0534,120,0,30.3
2017-03-14 20:41:03:850,-0.1208,1.0093,-0.0455,120,0,30.3
2017-03-14 20:41:03:860,-0.1208,1.0014,-0.0218,120,0,30.3
2017-03-14 20:41:03:870,-0.1208,1.0093,-0.0534,120,0,30.3
2017-03-14 20:41:03:880,-0.1127,0.9935,-0.0455,120,0,30.3
2017-03-14 20:41:03:890,-0.1208,0.9935,-0.0376,120,0,30.3
2017-03-14 20:41:03:900,-0.1047,0.9935,-0.0534,120,0,30.3
2017-03-14 20:41:03:910,-0.1208,1.0093,-0.0534,120,0,30.3
2017-03-14 20:41:03:920,-0.1047,0.9539,-0.0613,120,0,30.3
2017-03-14 20:41:03:930,-0.1047,1.0014,-0.0534,120,0,30.3
2017-03-14 20:41:03:940,-0.1368,0.9935,-0.0455,120,0,30.3
2017-03-14 20:41:03:950,-0.1127,0.9777,-0.0534,120,0,30.3
2017-03-14 20:41:03:960,-0.1368,0.9935,-0.0455,120,0,30.3
2017-03-14 20:41:03:970,-0.1208,1.0014,-0.0534,120,0,30.3
2017-03-14 20:41:03:980,-0.1208,0.9935,-0.0534,120,0,30.3
2017-03-14 20:41:03:990,-0.1208,1.0014,-0.0613,120,0,30.3
2017-03-14 20:41:04:000,-0.1127,1.0014,-0.0771,120,0,30.3
2017-03-14 20:41:04:010,-0.1127,1.0014,-0.0376,120,0,30.3
2017-03-14 20:41:04:020,-0.1127,1.0014,-0.0297,120,0,30.3
2017-03-14 20:41:04:030,-0.1288,1.0093,-0.0455,120,0,30.3
2017-03-14 20:41:04:040,-0.1368,0.9935,-0.0534,120,0,30.3
2017-03-14 20:41:04:050,-0.1208,0.9856,-0.0534,120,0,30.3
2017-03-14 20:41:04:060,-0.1449,1.0172,-0.0060,120,0,30.3
2017-03-14 20:41:04:070,-0.1288,0.9856,-0.0613,120,0,30.3
2017-03-14 20:41:04:080,-0.1368,0.9935,-0.0534,120,0,30.3
2017-03-14 20:41:04:090,-0.1127,0.9935,-0.0297,120,0,30.3
2017-03-14 20:41:04:100,-0.1288,0.9935,-0.0534,120,0,30.3
2017-03-14 20:41:04:110,-0.0966,0.9935,-0.0455,120,0,30.3
2017-03-14 20:41:04:120,-0.1208,1.0014,-0.0455,120,0,30.3
2017-03-14 20:41:04:130,-0.1288,1.0014,-0.0455,120,0,30.3
2017-03-14 20:41:04:140,-0.1208,0.9935,-0.0455,120,0,30.3
2017-03-14 20:41:04:150,-0.1208,1.0172,-0.0534,120,0,30.3
2017-03-14 20:41:04:160,-0.1047,0.9935,-0.0534,120,0,30.3
2017-03-14 20:41:04:170,-0.1288,0.9935,-0.0613,120,0,30.3
2017-03-14 20:41:04:180,-0.1368,1.0093,-0.0534,120,0,30.3
2017-03-14 20:41:04:190,-0.1208,0.9935,-0.0376,120,0,30.3
2017-03-14 20:41:04:200,-0.1368,1.0014,-0.0692,120,0,30.3
2017-03-14 20:41:04:210,-0.1288,0.9698,-0.0297,120,0,30.3
2017-03-14 20:41:04:220,-0.1127,1.0014,-0.0534,120,0,30.3
2017-03-14 20:41:04:230,-0.1127,0.9935,-0.0297,120,0,30.3
2017-03-14 20:41:04:240,-0.1127,0.9777,-0.0534,120,0,30.3
2017-03-14 20:41:04:250,-0.1449,1.0093,-0.0534,120,0,30.3
2017-03-14 20:41:04:260,-0.1127,0.9935,-0.0534,120,0,30.3
2017-03-14 20:41:04:270,-0.1208,0.9856,-0.0534,120,0,30.3
2017-03-14 20:41:04:280,-0.1208,0.9935,-0.0218,120,0,30.3
2017-03-14 20:41:04:290,-0.1208,0.9856,-0.0455,120,0,30.3
2017-03-14 20:41:04:300,-0.1208,0.9935,-0.0534,120,0,30.3
2017-03-14 20:41:04:310,-0.1288,1.0014,-0.0534,120,0,30.3
2017-03-14 20:41:04:320,-0.1368,1.0093,-0.0534,120,0,30.3
2017-03-14 20:41:04:330,-0.1208,0.9856,-0.0534,120,0,30.3
2017-03-14 20:41:04:340,-0.1368,0.9856,-0.0534,120,0,30.3
2017-03-14 20:41:04:350,-0.1208,1.0014,-0.0218,120,0,30.3
2017-03-14 20:41:04:360,-0.1047,0.9777,-0.0534,120,0,30.3
2017-03-14 20:41:04:370,-0.1288,0.9856,-0.0376,120,0,30.3
2017-03-14 20:41:04:380,-0.1127,1.0172,-0.0534,120,0,30.3
2017-03-14 20:41:04:390,-0.1127,1.0093,-0.0534,120,0,30.3
2017-03-14 20:41:04:400,-0.0806,0.9935,-0.0534,120,0,30.3
2017-03-14 20:41:04:410,-0.1288,1.0014,-0.0534,120,0,30.3
2017-03-14 20:41:04:420,-0.1047,1.0014,-0.0534,120,0,30.3
2017-03-14 20:41:04:430,-0.1288,0.9935,-0.0534,120,0,30.3
2017-03-14 20:41:04:440,-0.1047,1.0014,-0.0534,120,0,30.3
2017-03-14 20:41:04:450,-0.1449,0.9935,-0.0297,120,0,30.3
2017-03-14 20:41:04:460,-0.1449,1.0252,-0.0613,120,0,30.3
2017-03-14 20:41:04:470,-0.1208,1.0093,-0.0297,120,0,30.3
2017-03-14 20:41:04:480,-0.1288,0.9856,-0.0692,120,0,30.3
2017-03-14 20:41:04:490,-0.1127,0.9777,-0.0692,120,0,30.3
2017-03-14 20:41:04:500,-0.1208,0.9935,-0.0376,120,0,30.3
2017-03-14 20:41:04:510,-0.1208,1.0014,-0.0455,120,0,30.3
2017-03-14 20:41:04:520,-0.1288,1.0014,-0.0613,120,0,30.3
2017-03-14 20:41:04:530,-0.1288,0.9856,-0.0613,120,0,30.3
2017-03-14 20:41:04:540,-0.1127,0.9856,-0.0534,120,0,30.3
2017-03-14 20:41:04:550,-0.1368,1.0252,-0.0692,120,0,30.3
2017-03-14 20:41:04:560,-0.1368,0.9935,-0.0692,120,0,30.3
2017-03-14 20:41:04:570,-0.1047,1.0093,-0.0297,120,0,30.3
2017-03-14 20:41:04:580,-0.1208,0.9935,-0.0613,120,0,30.3
2017-03-14 20:41:04:590,-0.1208,0.9777,-0.0455,120,0,30.3
2017-03-14 20:41:04:600,-0.1047,0.9619,-0.0534,120,0,30.3
2017-03-14 20:41:04:610,-0.1288,0.9856,-0.0455,120,0,30.3
2017-03-14 20:41:04:620,-0.1449,0.9935,-0.0613,120,0,30.3
2017-03-14 20:41:04:630,-0.1047,1.0014,-0.0455,120,0,30.3
2017-03-14 20:41:04:640,-0.1127,0.9777,-0.0613,120,0,30.3
2017-03-14 20:41:04:650,-0.1208,1.0093,-0.0692,120,0,30.3
2017-03-14 20:41:04:660,-0.1127,1.0014,-0.0376,120,0,30.3
2017-03-14 20:41:04:670,-0.1288,1.0014,-0.0455,120,0,30.3
2017-03-14 20:41:04:680,-0.1368,1.0014,-0.0455,120,0,30.3
2017-03-14 20:41:04:690,-0.1127,0.9777,-0.0376,120,0,30.3
2017-03-14 20:41:04:700,-0.1208,1.0014,-0.0534,120,0,30.3
2017-03-14 20:41:04:710,-0.1449,0.9856,-0.0613,120,0,30.3
2017-03-14 20:41:04:720,-0.1208,1.0014,-0.0455,120,0,30.3
2017-03-14 20:41:04:730,-0.1127,0.9856,-0.0534,120,0,30.3
2017-03-14 20:41:04:740,-0.1127,1.0014,-0.0613,120,0,30.3
2017-03-14 20:41:04:750,-0.1208,0.9777,-0.0376,120,0,30.3
2017-03-14 20:41:04:760,-0.1208,0.9856,-0.0455,120,0,30.3
2017-03-14 20:41:04:770,-0.1208,0.9856,-0.0534,120,0,30.3
2017-03-14 20:41:04:780,-0.0966,0.9935,-0.0613,120,0,30.3
2017-03-14 20:41:04:790,-0.1208,0.9935,-0.0297,120,0,30.3
2017-03-14 20:41:04:800,-0.1288,0.9935,-0.0613,120,0,30.3
2017-03-14 20:41:04:810,-0.1288,0.9935,-0.0613,120,0,30.3
2017-03-14 20:41:04:820,-0.1368,1.0252,-0.0534,120,0,30.3
2017-03-14 20:41:04:830,-0.1368,1.0014,-0.0455,120,0,30.3
2017-03-14 20:41:04:840,-0.1368,1.0172,-0.0534,120,0,30.3
2017-03-14 20:41:04:850,-0.1208,0.9777,-0.0455,120,0,30.3
2017-03-14 20:41:04:860,-0.1208,0.9856,-0.0692,120,0,30.3
2017-03-14 20:41:04:870,-0.1288,0.9935,-0.0534,120,0,30.3
2017-03-14 20:41:04:880,-0.1368,0.9935,-0.0534,120,0,30.3
2017-03-14 20:41:04:890,-0.1127,0.9698,-0.0376,120,0,30.3
2017-03-14 20:41:04:900,-0.1288,1.0014,-0.0534,120,0,30.3
2017-03-14 20:41:04:910,-0.1288,0.9856,-0.0455,120,0,30.3
2017-03-14 20:41:04:920,-0.1288,1.0014,-0.0534,120,0,30.3
2017-03-14 20:41:04:930,-0.1288,0.9856,-0.0534,120,0,30.3
2017-03-14 20:41:04:940,-0.1127,1.0014,-0.0692,120,0,30.3
2017-03-14 20:41:04:950,-0.1368,0.9935,-0.0376,120,0,30.3
2017-03-14 20:41:04:960,-0.1288,1.0014,-0.0534,120,0,30.3
2017-03-14 20:41:04:970,-0.1208,0.9935,-0.0376,120,0,30.3
2017-03-14 20:41:04:980,-0.1449,0.9935,-0.0455,120,0,30.3
2017-03-14 20:41:04:990,-0.1208,0.9856,-0.0613,120,0,30.3
2017-03-14 20:41:05:000,-0.1288,0.9935,-0.0376,120,0,30.3
2017-03-14 20:41:05:010,-0.1208,1.0172,-0.0455,120,0,30.3
2017-03-14 20:41:05:020,-0.1208,1.0172,-0.0613,120,0,30.3
2017-03-14 20:41:05:030,-0.1208,1.0014,-0.0613,120,0,30.3
2017-03-14 20:41:05:040,-0.1127,0.9856,-0.0534,120,0,30.3
2017-03-14 20:41:05:050,-0.1368,0.9856,-0.0534,120,0,30.3
2017-03-14 20:41:05:060,-0.1127,1.0014,-0.0692,120,0,30.3
2017-03-14 20:41:05:070,-0.1047,0.9935,-0.0613,120,0,30.3
2017-03-14 20:41:05:080,-0.1208,1.0014,-0.0534,120,0,30.3
2017-03-14 20:41:05:090,-0.1208,0.9935,-0.0692,120,0,30.3
2017-03-14 20:41:05:100,-0.1127,0.9935,-0.0534,120,0,30.3
2017-03-14 20:41:05:110,-0.1047,0.9935,-0.0534,120,0,30.3
2017-03-14 20:41:05:120,-0.1047,0.9935,-0.0297,120,0,30.3
2017-03-14 20:41:05:130,-0.1288,1.0014,-0.0455,120,0,30.3
2017-03-14 20:41:05:140,-0.1127,1.0014,-0.0297,120,0,30.3
2017-03-14 20:41:05:150,-0.1208,0.9856,-0.0218,120,0,30.3
2017-03-14 20:41:05:160,-0.0886,1.0093,-0.0534,120,0,30.3
2017-03-14 20:41:05:170,-0.1288,1.0014,-0.0297,120,0,30.3
2017-03-14 20:41:05:180,-0.0966,1.0014,-0.0534,120,0,30.3
2017-03-14 20:41:05:190,-0.1047,1.0014,-0.0534,120,0,30.3
2017-03-14 20:41:05:200,-0.0966,0.9935,-0.0139,120,0,30.3
2017-03-14 20:41:05:210,-0.0806,1.0093,-0.0060,120,0,30.3
2017-03-14 20:41:05:220,-0.0886,1.0172,0.0019,120,0,30.3
2017-03-14 20:41:05:230,-0.0806,1.0331,0.0098,120,0,30.3
2017-03-14 20:41:05:240,-0.0645,1.0093,-0.0139,120,0,30.3
2017-03-14 20:41:05:250,-0.0725,1.0093,-0.0060,120,0,30.3
2017-03-14 20:41:05:260,-0.0323,1.0172,0.0414,120,0,30.3
2017-03-14 20:41:05:270,-0.0243,1.0014,0.0256,120,0,30.3
2017-03-14 20:41:05:280,-0.0243,1.0014,0.0098,120,0,30.3
2017-03-14 20:41:05:290,-0.0162,0.9856,0.0256,120,0,30.3
2017-03-14 20:41:05:300,-0.0645,0.9856,0.0414,120,0,30.3
2017-03-14 20:41:05:310,-0.0564,1.0093,0.0098,120,0,30.3
2017-03-14 20:41:05:320,-0.0886,1.0014,0.0098,120,0,30.3
2017-03-14 20:41:05:330,-0.0806,0.9777,0.0177,120,0,30.3
2017-03-14 20:41:05:340,-0.0886,1.0172,0.0177,120,0,30.3
2017-03-14 20:41:05:350,-0.0886,1.0014,0.0414,120,0,30.3
2017-03-14 20:41:05:360,-0.0806,1.0014,0.0414,120,0,30.3
2017-03-14 20:41:05:370,-0.0806,1.0172,0.0414,120,0,30.3
2017-03-14 20:41:05:380,-0.0806,1.0410,0.0572,120,0,30.3
2017-03-14 20:41:05:390,-0.0645,1.0093,0.0414,120,0,30.3
2017-03-14 20:41:05:400,-0.0564,1.0093,0.0809,120,0,30.3
2017-03-14 20:41:05:410,-0.0886,1.0489,0.0414,120,0,30.3
2017-03-14 20:41:05:420,-0.0725,1.0568,0.0730,120,0,30.3
2017-03-14 20:41:05:430,-0.0564,1.0568,0.0651,120,0,30.3
2017-03-14 20:41:05:440,-0.0806,1.0806,0.0651,120,0,30.3
2017-03-14 20:41:05:450,-0.0564,1.0885,0.0651,120,0,30.3
2017-03-14 20:41:05:460,-0.0806,1.0964,0.0414,120,0,30.3
2017-03-14 20:41:05:470,-0.0806,1.1043,0.0651,120,0,30.3
2017-03-14 20:41:05:480,-0.0806,1.0964,0.0414,120,0,30.3
2017-03-14 20:41:05:490,-0.0806,1.0647,0.0651,120,0,30.3
2017-03-14 20:41:05:500,-0.0725,1.0568,0.0730,120,0,30.3
2017-03-14 20:41:05:510,-0.0725,1.0331,0.0493,120,0,30.3
2017-03-14 20:41:05:520,-0.0725,1.0093,0.0888,120,0,30.3
2017-03-14 20:41:05:530,-0.0484,1.0093,0.0572,120,0,30.3
2017-03-14 20:41:05:540,-0.0806,1.0093,0.0493,120,0,30.3
2017-03-14 20:41:05:550,-0.0645,0.9935,0.0888,120,0,30.3
2017-03-14 20:41:05:560,-0.0564,0.9777,0.0651,120,0,30.3
2017-03-14 20:41:05:570,-0.1047,0.9935,0.0730,120,0,30.3
2017-03-14 20:41:05:580,-0.0886,1.0014,0.0493,120,0,30.3
2017-03-14 20:41:05:590,-0.1127,1.0172,0.0414,120,0,30.3
2017-03-14 20:41:05:600,-0.1047,1.0014,0.0572,120,0,30.3
2017-03-14 20:41:05:610,-0.0806,1.0014,0.0888,120,0,30.3
2017-03-14 20:41:05:620,-0.0886,0.9698,0.0730,137,0,30.3
2017-03-14 20:41:05:630,-0.0966,0.9856,0.0809,137,0,30.3
2017-03-14 20:41:05:640,-0.0886,1.0252,0.1046,137,0,30.3
2017-03-14 20:41:05:650,-0.0966,1.0331,0.1125,137,0,30.3
2017-03-14 20:41:05:660,-0.0966,1.0093,0.0730,137,0,30.3
2017-03-14 20:41:05:670,-0.1047,1.0410,0.0888,137,0,30.3
2017-03-14 20:41:05:680,-0.1047,1.0014,0.0809,137,0,30.3
2017-03-14 20:41:05:690,-0.0886,1.0252,0.1046,137,0,30.3
2017-03-14 20:41:05:700,-0.0966,1.0489,0.0888,137,0,30.3
2017-03-14 20:41:05:710,-0.0966,1.0806,0.0809,137,0,30.3
2017-03-14 20:41:05:720,-0.0886,1.1280,0.0888,137,0,30.3
2017-03-14 20:41:05:730,-0.0966,1.1359,0.1204,137,0,30.3
2017-03-14 20:41:05:740,-0.1047,1.1755,0.1046,154,0,30.3
2017-03-14 20:41:05:750,-0.1208,1.1755,0.0730,154,0,30.3
2017-03-14 20:41:05:760,-0.0886,1.1755,0.0730,154,0,30.3
2017-03-14 20:41:05:770,-0.1047,1.1597,0.0651,154,0,30.3
2017-03-14 20:41:05:780,-0.1127,1.1043,0.0572,154,0,30.3
2017-03-14 20:41:05:790,-0.1449,1.1043,0.0098,154,0,30.3
2017-03-14 20:41:05:800,-0.1449,1.1359,0.0256,154,0,30.3
2017-03-14 20:41:05:810,-0.1368,1.1518,0.0177,172,0,30.3
2017-03-14 20:41:05:820,-0.1368,1.1359,-0.0060,172,0,30.3
2017-03-14 20:41:05:830,-0.1208,1.0647,-0.0534,172,0,30.3
2017-03-14 20:41:05:840,-0.1127,1.0014,-0.0534,172,0,30.3
2017-03-14 20:41:05:850,-0.0725,0.9065,-0.0534,172,0,30.3
2017-03-14 20:41:05:860,-0.0806,0.8511,-0.0534,172,0,30.3
2017-03-14 20:41:05:870,-0.1288,0.8036,-0.0771,172,0,30.3
2017-03-14 20:41:05:880,-0.1529,0.8036,-0.1008,172,0,30.3
2017-03-14 20:41:05:890,-0.1690,0.8036,-0.1324,172,0,30.3
2017-03-14 20:41:05:900,-0.1368,0.8194,-0.1482,172,0,30.3
2017-03-14 20:41:05:910,-0.1288,0.8511,-0.1798,172,0,30.3
2017-03-14 20:41:05:920,-0.1208,0.9065,-0.1640,172,0,30.3
2017-03-14 20:41:05:930,-0.0725,0.9539,-0.1956,172,0,30.3
2017-03-14 20:41:05:940,-0.0645,0.9856,-0.1482,172,0,30.3
2017-03-14 20:41:05:950,-0.0725,1.0014,-0.1087,172,0,30.3
2017-03-14 20:41:05:960,-0.1047,1.0014,-0.1166,189,0,30.3
2017-03-14 20:41:05:970,-0.1127,1.0252,-0.1008,189,0,30.3
2017-03-14 20:41:05:980,-0.0886,1.0172,-0.1008,189,0,30.3
2017-03-14 20:41:05:990,-0.0404,0.9856,-0.0850,189,0,30.3
2017-03-14 20:41:06:000,-0.0243,0.9539,-0.0613,189,0,30.3
2017-03-14 20:41:06:010,-0.0404,0.9619,-0.0692,189,0,30.3
2017-03-14 20:41:06:020,-0.0404,0.9539,-0.0455,189,0,30.3
2017-03-14 20:41:06:030,-0.0806,0.9619,-0.0297,189,0,30.3
2017-03-14 20:41:06:040,-0.0886,0.9381,-0.0534,189,0,30.3
2017-03-14 20:41:06:050,-0.1047,0.9460,-0.0218,189,0,30.3
2017-03-14 20:41:06:060,-0.1208,0.9302,-0.0613,189,0,30.3
2017-03-14 20:41:06:070,-0.1690,0.9460,-0.0613,189,0,30.3
2017-03-14 20:41:06:080,-0.1529,0.9539,-0.0534,189,0,30.3
2017-03-14 20:41:06:090,-0.1610,0.9302,-0.0218,189,0,30.3
2017-03-14 20:41:06:100,-0.1690,0.9223,-0.0455,189,0,30.3
2017-03-14 20:41:06:110,-0.1690,0.9302,-0.0218,189,0,30.3
2017-03-14 20:41:06:120,-0.1610,0.9302,0.0019,189,0,30.3
2017-03-14 20:41:06:130,-0.1690,0.9619,-0.0376,189,0,30.3
2017-03-14 20:41:06:140,-0.1368,0.9223,-0.0218,189,0,30.3
2017-03-14 20:41:06:150,-0.1368,0.9539,-0.0534,189,0,30.3
2017-03-14 20:41:06:160,-0.1529,1.0093,-0.0297,189,0,30.3
2017-03-14 20:41:06:170,-0.1288,0.9619,-0.0771,189,0,30.3
2017-03-14 20:41:06:180,-0.1127,0.9698,-0.0534,189,0,30.3
2017-03-14 20:41:06:190,-0.0966,0.9302,-0.0376,189,0,30.3
2017-03-14 20:41:06:200,-0.1288,0.9302,-0.0692,189,0,30.3
2017-03-14 20:41:06:210,-0.1127,0.9065,-0.0534,189,0,30.3
2017-03-14 20:41:06:220,-0.1368,0.9302,-0.0534,189,0,30.3
2017-03-14 20:41:06:230,-0.1368,0.9302,-0.0534,189,0,30.3
2017-03-14 20:41:06:240,-0.1449,0.9302,-0.0534,172,0,30.3
2017-03-14 20:41:06:250,-0.1288,0.9619,-0.0692,172,0,30.3
2017-03-14 20:41:06:260,-0.1208,0.9381,-0.0613,172,0,30.3
2017-03-14 20:41:06:270,-0.1288,0.9619,-0.0613,172,0,30.3
2017-03-14 20:41:06:280,-0.1288,0.9698,-0.0692,172,0,30.3
2017-03-14 20:41:06:290,-0.1127,0.9619,-0.0534,172,0,30.3
2017-03-14 20:41:06:300,-0.1368,0.9856,-0.0850,172,0,30.3
2017-03-14 20:41:06:310,-0.1288,1.0252,-0.0534,172,0,30.3
2017-03-14 20:41:06:320,-0.1047,1.0172,-0.0692,172,0,30.3
2017-03-14 20:41:06:330,-0.1208,1.0410,-0.0771,154,0,30.3
2017-03-14 20:41:06:340,-0.0966,1.0093,-0.0771,154,0,30.3
2017-03-14 20:41:06:350,-0.1208,1.0410,-0.0534,154,0,30.3
2017-03-14 20:41:06:360,-0.1208,1.0489,-0.0771,154,0,30.3
2017-03-14 20:41:06:370,-0.1288,1.0489,-0.1008,154,0,30.3
2017-03-14 20:41:06:380,-0.1047,1.0331,-0.1008,154,0,30.3
2017-03-14 20:41:06:390,-0.1368,1.0568,-0.1403,154,0,30.3
2017-03-14 20:41:06:400,-0.1208,1.0568,-0.1482,154,0,30.3
2017-03-14 20:41:06:410,-0.1127,1.0252,-0.1561,154,0,30.3
2017-03-14 20:41:06:420,-0.0886,1.0252,-0.1245,154,0,30.3
2017-03-14 20:41:06:430,-0.0806,1.0093,-0.1245,154,0,30.3
2017-03-14 20:41:06:440,-0.0806,0.9935,-0.1482,137,0,30.3
2017-03-14 20:41:06:450,-0.1449,0.9856,-0.1561,137,0,30.3
2017-03-14 20:41:06:460,-0.1690,0.9619,-0.1877,137,0,30.3
2017-03-14 20:41:06:470,-0.1690,0.9381,-0.1956,137,0,30.3
2017-03-14 20:41:06:480,-0.0966,0.9381,-0.2351,137,0,30.3
2017-03-14 20:41:06:490,-0.0002,0.9619,-0.1877,137,0,30.3
2017-03-14 20:41:06:500,0.0079,0.9777,-0.2509,137,0,30.3
2017-03-14 20:41:06:510,-0.0404,1.0726,-0.2983,137,0,30.3
2017-03-14 20:41:06:520,-0.1047,1.1201,-0.3062,137,0,30.3
2017-03-14 20:41:06:530,-0.1368,1.1280,-0.3220,137,0,30.3
2017-03-14 20:41:06:540,-0.1771,1.0726,-0.3299,137,0,30.3
2017-03-14 20:41:06:550,-0.2494,1.0410,-0.3694,137,0,30.3
2017-03-14 20:41:06:560,-0.2977,0.9381,-0.2746,137,0,30.3
2017-03-14 20:41:06:570,-0.3781,0.9065,-0.2351,137,0,30.3
2017-03-14 20:41:06:580,-0.3620,0.8194,-0.2114,137,0,30.3
2017-03-14 20:41:06:590,-0.3057,0.8273,-0.1245,137,0,30.3
2017-03-14 20:41:06:600,-0.2253,0.8353,-0.1087,120,0,30.3
2017-03-14 20:41:06:610,-0.2012,0.8511,-0.0534,120,0,30.3
2017-03-14 20:41:06:620,-0.2333,0.9065,-0.0376,120,0,30.3
2017-03-14 20:41:06:630,-0.2173,0.9381,-0.0139,120,0,30.3
2017-03-14 20:41:06:640,-0.2012,0.9302,0.0256,120,0,30.3
2017-03-14 20:41:06:650,-0.2173,0.9539,0.0888,120,0,30.3
2017-03-14 20:41:06:660,-0.2333,0.9698,0.0730,120,0,30.3
2017-03-14 20:41:06:670,-0.2092,0.9698,0.0967,120,0,30.3
2017-03-14 20:41:06:680,-0.1771,0.9698,0.0888,120,0,30.3
2017-03-14 20:41:06:690,-0.1610,0.9935,0.0888,120,0,30.3
2017-03-14 20:41:06:700,-0.1368,1.0093,0.0572,120,0,30.3
2017-03-14 20:41:06:710,-0.1529,1.0568,0.0651,120,0,30.3
2017-03-14 20:41:06:720,-0.1771,1.1201,0.0493,120,0,30.3
2017-03-14 20:41:06:730,-0.1771,1.1359,0.0335,120,0,30.3
2017-03-14 20:41:06:740,-0.1368,1.1518,0.0256,120,0,30.3
2017-03-14 20:41:06:750,-0.1047,1.1834,0.0730,120,0,30.3
2017-03-14 20:41:06:760,-0.0886,1.1597,0.0967,120,0,30.3
2017-03-14 20:41:06:770,-0.0966,1.0964,0.0967,120,0,30.3
2017-03-14 20:41:06:780,-0.1208,1.0964,0.0730,120,0,30.3
2017-03-14 20:41:06:790,-0.1368,1.0568,0.0967,120,0,30.3
2017-03-14 20:41:06:800,-0.1208,1.0489,0.0651,120,0,30.3
2017-03-14 20:41:06:810,-0.1288,1.0252,0.1125,120,0,30.3
2017-03-14 20:41:06:820,-0.1208,0.9935,0.1362,120,0,30.3
2017-03-14 20:41:06:830,-0.1610,1.0172,0.1441,120,0,30.3
2017-03-14 20:41:06:840,-0.1368,0.9856,0.1046,120,0,30.3
2017-03-14 20:41:06:850,-0.1449,1.0014,0.0967,120,0,30.3
2017-03-14 20:41:06:860,-0.1690,1.0331,0.0967,120,0,30.3
2017-03-14 20:41:06:870,-0.1851,1.0252,0.1283,120,0,30.3
2017-03-14 20:41:06:880,-0.1690,0.9777,0.1046,120,0,30.3
2017-03-14 20:41:06:890,-0.2012,0.9856,0.0572,120,0,30.3
2017-03-14 20:41:06:900,-0.2012,0.9619,0.0730,120,0,30.3
2017-03-14 20:41:06:910,-0.2012,0.9381,0.0572,120,0,30.3
2017-03-14 20:41:06:920,-0.2012,0.9144,0.0256,120,0,30.3
2017-03-14 20:41:06:930,-0.2012,0.9065,0.0098,120,0,30.3
2017-03-14 20:41:06:940,-0.1931,0.9223,0.0256,120,0,30.3
2017-03-14 20:41:06:950,-0.1771,0.9381,0.0493,120,0,30.3
2017-03-14 20:41:06:960,-0.1610,0.9381,0.0335,120,0,30.3
2017-03-14 20:41:06:970,-0.1690,0.9539,0.0177,120,0,30.3
2017-03-14 20:41:06:980,-0.1771,0.9381,0.0335,120,0,30.3
2017-03-14 20:41:06:990,-0.1690,0.9539,-0.0139,120,0,30.3
2017-03-14 20:41:07:000,-0.1851,0.9539,0.0019,120,0,30.3
2017-03-14 20:41:07:010,-0.1771,0.9381,0.0019,120,0,30.3
2017-03-14 20:41:07:020,-0.1931,0.9460,-0.0218,120,0,30.3
2017-03-14 20:41:07:030,-0.1931,0.9223,0.0019,120,0,30.3
2017-03-14 20:41:07:040,-0.1931,0.9539,-0.0218,120,0,30.3
2017-03-14 20:41:07:050,-0.2012,0.9698,-0.0218,120,0,30.3
2017-03-14 20:41:07:060,-0.2012,0.9460,-0.0534,120,0,30.3
2017-03-14 20:41:07:070,-0.1851,0.9539,-0.0455,120,0,30.3
2017-03-14 20:41:07:080,-0.2092,0.9460,-0.0376,120,0,30.3
2017-03-14 20:41:07:090,-0.2012,0.9460,-0.0297,120,0,30.3
2017-03-14 20:41:07:100,-0.2092,0.9539,-0.0297,120,0,30.3
2017-03-14 20:41:07:110,-0.2173,0.9460,-0.0139,120,0,30.3
2017-03-14 20:41:07:120,-0.2012,0.9381,-0.0376,120,0,30.3
2017-03-14 20:41:07:130,-0.2092,0.9619,-0.0534,120,0,30.3
2017-03-14 20:41:07:140,-0.2173,0.9698,-0.0771,120,0,30.3
2017-03-14 20:41:07:150,-0.2173,1.0014,-0.0534,120,0,30.3
2017-03-14 20:41:07:160,-0.2012,1.0252,-0.0613,120,0,30.3
2017-03-14 20:41:07:170,-0.2012,1.0410,-0.0534,120,0,30.3
2017-03-14 20:41:07:180,-0.2012,1.0172,-0.0534,120,0,30.3
2017-03-14 20:41:07:190,-0.2012,1.0410,-0.1008,120,0,30.3
2017-03-14 20:41:07:200,-0.1851,1.0331,-0.0692,120,0,30.3
2017-03-14 20:41:07:210,-0.1610,1.0489,-0.0534,120,0,30.3
2017-03-14 20:41:07:220,-0.1610,1.0489,-0.0613,120,0,30.3
2017-03-14 20:41:07:230,-0.1690,1.0647,-0.0771,120,0,30.3
2017-03-14 20:41:07:240,-0.1610,1.0647,-0.0613,120,0,30.3
2017-03-14 20:41:07:250,-0.1931,1.0964,-0.0534,120,0,30.3
2017-03-14 20:41:07:260,-0.1690,1.0726,-0.0534,120,0,30.3
2017-03-14 20:41:07:270,-0.1610,1.1043,-0.0534,120,0,30.3
2017-03-14 20:41:07:280,-0.1610,1.1597,-0.0534,120,0,30.3
2017-03-14 20:41:07:290,-0.1690,1.2309,-0.0455,120,0,30.3
2017-03-14 20:41:07:300,-0.1610,1.3100,-0.0534,120,0,30.3
2017-03-14 20:41:07:310,-0.1449,1.2863,-0.0218,120,0,30.3
2017-03-14 20:41:07:320,-0.1208,1.2467,-0.0534,120,0,30.3
2017-03-14 20:41:07:330,-0.1208,1.2072,-0.0297,120,0,30.3
2017-03-14 20:41:07:340,-0.1208,1.1834,-0.0455,120,0,30.3
2017-03-14 20:41:07:350,-0.1449,1.1518,0.0019,120,0,30.3
2017-03-14 20:41:07:360,-0.1288,1.1201,-0.0297,120,0,30.3
2017-03-14 20:41:07:370,-0.1288,1.0806,-0.0297,120,0,30.3
2017-03-14 20:41:07:380,-0.1771,1.0252,-0.0376,120,0,30.3
2017-03-14 20:41:07:390,-0.1690,0.9698,-0.0534,120,0,30.3
2017-03-14 20:41:07:400,-0.1610,0.9381,-0.0455,120,0,30.3
2017-03-14 20:41:07:410,-0.1771,0.9223,-0.0297,120,0,30.3
2017-03-14 20:41:07:420,-0.2012,0.9223,-0.0297,120,0,30.3
2017-03-14 20:41:07:430,-0.2012,0.9223,-0.0534,120,0,30.3
2017-03-14 20:41:07:440,-0.2494,0.8827,-0.0771,120,0,30.3
2017-03-14 20:41:07:450,-0.2333,0.8432,-0.0613,120,0,30.3
2017-03-14 20:41:07:460,-0.2575,0.8511,-0.1087,120,0,30.3
2017-03-14 20:41:07:470,-0.2333,0.8115,-0.0613,120,0,30.3
2017-03-14 20:41:07:480,-0.2092,0.7957,-0.0692,120,0,30.3
2017-03-14 20:41:07:490,-0.1931,0.7799,-0.1008,120,0,30.3
2017-03-14 20:41:07:500,-0.1690,0.7957,-0.0613,120,0,30.3
2017-03-14 20:41:07:510,-0.1610,0.8432,-0.0850,120,0,30.3
2017-03-14 20:41:07:520,-0.1610,0.8353,-0.1166,120,0,30.3
2017-03-14 20:41:07:530,-0.1529,0.8986,-0.0692,120,0,30.3
2017-03-14 20:41:07:540,-0.1610,0.9302,-0.1008,120,0,30.3
2017-03-14 20:41:07:550,-0.1449,0.9935,-0.0929,120,0,30.3
2017-03-14 20:41:07:560,-0.1127,1.0252,-0.0771,120,0,30.3
2017-03-14 20:41:07:570,-0.0966,1.0647,-0.1087,120,0,30.3
2017-03-14 20:41:07:580,-0.1127,1.0885,-0.0929,120,0,30.3
2017-03-14 20:41:07:590,-0.0886,1.0964,-0.1087,120,0,30.3
2017-03-14 20:41:07:600,-0.0725,1.0568,-0.0771,120,0,30.3
2017-03-14 20:41:07:610,-0.0806,1.0410,-0.1087,120,0,30.3
2017-03-14 20:41:07:620,-0.0484,1.0172,-0.0613,120,0,30.3
2017-03-14 20:41:07:630,-0.0645,0.9856,-0.0850,120,0,30.3
2017-03-14 20:41:07:640,-0.0725,0.9460,-0.0929,120,0,30.3
2017-03-14 20:41:07:650,-0.0645,0.9381,-0.0929,120,0,30.3
2017-03-14 20:41:07:660,-0.0645,0.8906,-0.1008,120,0,30.3
2017-03-14 20:41:07:670,-0.0886,0.8827,-0.0850,120,0,30.3
2017-03-14 20:41:07:680,-0.1127,0.8906,-0.0692,120,0,30.3
2017-03-14 20:41:07:690,-0.0966,0.8590,-0.0850,120,0,30.3
2017-03-14 20:41:07:700,-0.1127,0.8748,-0.0534,137,0,30.3
2017-03-14 20:41:07:710,-0.1208,0.8748,-0.0534,137,0,30.3
2017-03-14 20:41:07:720,-0.1047,0.8906,-0.0929,137,0,30.3
2017-03-14 20:41:07:730,-0.0886,0.8827,-0.0534,137,0,30.3
2017-03-14 20:41:07:740,-0.0725,0.8906,-0.0613,137,0,30.3
2017-03-14 20:41:07:750,-0.0645,0.8906,-0.0692,137,0,30.3
2017-03-14 20:41:07:760,-0.0725,0.8827,-0.0376,137,0,30.3
2017-03-14 20:41:07:770,-0.0806,0.8748,-0.0534,120,0,30.3
2017-03-14 20:41:07:780,-0.0966,0.8906,-0.0534,120,0,30.3
2017-03-14 20:41:07:790,-0.0886,0.9065,-0.0613,137,0,30.3
2017-03-14 20:41:07:800,-0.0886,0.9144,-0.0771,137,0,30.3
2017-03-14 20:41:07:810,-0.1127,0.9065,-0.0534,137,0,30.3
2017-03-14 20:41:07:820,-0.1047,0.9065,-0.0850,137,0,30.3
2017-03-14 20:41:07:830,-0.1127,0.8986,-0.0613,137,0,30.3
2017-03-14 20:41:07:840,-0.0966,0.9144,-0.0771,120,0,30.3
2017-03-14 20:41:07:850,-0.0966,0.8986,-0.0771,137,0,30.3
2017-03-14 20:41:07:860,-0.1047,0.9381,-0.0929,137,0,30.3
2017-03-14 20:41:07:870,-0.1127,0.9460,-0.0850,120,0,30.3
2017-03-14 20:41:07:880,-0.1127,0.9777,-0.0692,120,0,30.3
2017-03-14 20:41:07:890,-0.1288,0.9777,-0.0771,120,0,30.3
2017-03-14 20:41:07:900,-0.1047,0.9935,-0.0929,120,0,30.3
2017-03-14 20:41:07:910,-0.0886,1.0014,-0.0771,120,0,30.3
2017-03-14 20:41:07:920,-0.1127,1.0093,-0.0929,120,0,30.3
2017-03-14 20:41:07:930,-0.1047,1.0172,-0.1166,120,0,30.3
2017-03-14 20:41:07:940,-0.1208,1.0410,-0.1008,120,0,30.3
2017-03-14 20:41:07:950,-0.0966,1.0331,-0.1087,120,0,30.3
2017-03-14 20:41:07:960,-0.1127,1.0331,-0.0692,120,0,30.3
2017-03-14 20:41:07:970,-0.1127,1.0568,-0.1087,120,0,30.3
2017-03-14 20:41:07:980,-0.1047,1.0568,-0.1008,120,0,30.3
2017-03-14 20:41:07:990,-0.0645,1.0172,-0.0929,120,0,30.3
2017-03-14 20:41:08:000,-0.0806,1.0172,-0.0692,120,0,30.3
2017-03-14 20:41:08:010,-0.0806,1.0172,-0.0850,120,0,30.3
2017-03-14 20:41:08:020,-0.0725,1.0568,-0.0455,120,0,30.3
2017-03-14 20:41:08:030,-0.0886,1.1439,-0.0534,120,0,30.3
2017-03-14 20:41:08:040,-0.1208,1.2467,-0.0929,120,0,30.3
2017-03-14 20:41:08:050,-0.1610,1.2467,-0.1166,120,0,30.3
2017-03-14 20:41:08:060,-0.1449,1.2230,-0.0929,120,0,30.3
2017-03-14 20:41:08:070,-0.1449,1.1755,-0.1087,120,0,30.3
2017-03-14 20:41:08:080,-0.1288,1.1755,-0.0534,120,0,30.3
2017-03-14 20:41:08:090,-0.1208,1.1755,-0.0534,120,0,30.3
2017-03-14 20:41:08:100,-0.1529,1.1834,-0.0534,120,0,30.3
2017-03-14 20:41:08:110,-0.1529,1.1439,-0.0534,120,0,30.3
2017-03-14 20:41:08:120,-0.1610,1.0964,-0.0376,120,0,30.3
2017-03-14 20:41:08:130,-0.1449,1.0093,-0.0297,120,0,30.3
2017-03-14 20:41:08:140,-0.1610,0.9698,-0.0218,120,0,30.3
2017-03-14 20:41:08:150,-0.1771,0.9065,-0.0218,120,0,30.3
2017-03-14 20:41:08:160,-0.1771,0.8511,-0.0297,120,0,30.3
2017-03-14 20:41:08:170,-0.1851,0.8036,-0.0297,120,0,30.3
2017-03-14 20:41:08:180,-0.1771,0.8036,-0.0455,120,0,30.3
2017-03-14 20:41:08:190,-0.1931,0.8353,-0.0376,120,0,30.3
2017-03-14 20:41:08:200,-0.1851,0.8511,-0.0376,120,0,30.3
2017-03-14 20:41:08:210,-0.2092,0.9144,-0.0139,120,0,30.3
2017-03-14 20:41:08:220,-0.2012,0.9777,-0.0218,120,0,30.3
2017-03-14 20:41:08:230,-0.1449,1.0252,-0.0376,120,0,30.3
2017-03-14 20:41:08:240,-0.1690,1.1043,0.0019,120,0,30.3
2017-03-14 20:41:08:250,-0.1288,1.1518,0.0256,120,0,30.3
2017-03-14 20:41:08:260,-0.1368,1.1992,0.0335,120,0,30.3
2017-03-14 20:41:08:270,-0.0966,1.1992,0.0019,120,0,30.3
2017-03-14 20:41:08:280,-0.0806,1.1439,0.0335,120,0,30.3
2017-03-14 20:41:08:290,-0.0725,1.0806,0.0651,120,0,30.3
2017-03-14 20:41:08:300,-0.0484,1.0252,0.0572,120,0,30.3
2017-03-14 20:41:08:310,-0.0806,1.0489,0.0493,120,0,30.3
2017-03-14 20:41:08:320,-0.1127,1.0093,0.0414,120,0,30.3
2017-03-14 20:41:08:330,-0.1127,0.9619,0.0098,120,0,30.3
2017-03-14 20:41:08:340,-0.1529,0.9539,0.0098,120,0,30.3
2017-03-14 20:41:08:350,-0.1610,0.9619,-0.0218,120,0,30.3
2017-03-14 20:41:08:360,-0.1449,0.9460,0.0019,120,0,30.3
2017-03-14 20:41:08:370,-0.1288,0.9381,-0.0060,120,0,30.3
2017-03-14 20:41:08:380,-0.1208,0.9302,0.0177,120,0,30.3
2017-03-14 20:41:08:390,-0.1288,0.9539,0.0019,120,0,30.3
2017-03-14 20:41:08:400,-0.0966,0.9144,0.0019,120,0,30.3
2017-03-14 20:41:08:410,-0.0966,0.9144,0.0177,120,0,30.3
2017-03-14 20:41:08:420,-0.1047,0.9144,0.0335,120,0,30.3
2017-03-14 20:41:08:430,-0.0645,0.9302,0.0809,120,0,30.3
2017-03-14 20:41:08:440,-0.0886,0.9144,0.0177,120,0,30.3
2017-03-14 20:41:08:450,-0.0886,0.9381,0.0335,120,0,30.3
2017-03-14 20:41:08:460,-0.0645,0.8748,0.0177,120,0,30.3
2017-03-14 20:41:08:470,-0.1047,0.9223,0.0414,120,0,30.3
2017-03-14 20:41:08:480,-0.1047,0.9223,0.0256,120,0,30.3
2017-03-14 20:41:08:490,-0.0886,0.9381,0.0098,120,0,30.3
2017-03-14 20:41:08:500,-0.0886,0.9460,-0.0218,120,0,30.3
2017-03-14 20:41:08:510,-0.1047,0.9381,-0.0060,120,0,30.3
2017-03-14 20:41:08:520,-0.1047,0.9302,0.0177,120,0,30.3
2017-03-14 20:41:08:530,-0.1047,0.9698,0.0335,120,0,30.3
2017-03-14 20:41:08:540,-0.0966,0.9619,0.0256,120,0,30.3
2017-03-14 20:41:08:550,-0.1288,0.9698,0.0177,120,0,30.3
2017-03-14 20:41:08:560,-0.1047,0.9777,0.0414,120,0,30.3
2017-03-14 20:41:08:570,-0.0806,1.0014,0.0256,120,0,30.3
2017-03-14 20:41:08:580,-0.1127,1.0331,0.0414,120,0,30.3
2017-03-14 20:41:08:590,-0.1047,1.0726,0.0414,120,0,30.3
2017-03-14 20:41:08:600,-0.0966,1.0726,0.0177,120,0,30.3
2017-03-14 20:41:08:610,-0.1127,1.1043,0.0256,120,0,30.3
2017-03-14 20:41:08:620,-0.0966,1.1201,0.0414,120,0,30.3
2017-03-14 20:41:08:630,-0.1047,1.1201,0.0493,120,0,30.3
2017-03-14 20:41:08:640,-0.0806,1.1518,0.0493,120,0,30.3
2017-03-14 20:41:08:650,-0.1208,1.2942,0.0651,120,0,30.3
2017-03-14 20:41:08:660,-0.1047,1.4287,0.0335,120,0,30.3
2017-03-14 20:41:08:670,-0.1127,1.4762,0.0256,120,0,30.3
2017-03-14 20:41:08:680,-0.1449,1.5157,-0.0060,120,0,30.3
2017-03-14 20:41:08:690,-0.1127,1.4129,0.0177,120,0,30.3
2017-03-14 20:41:08:700,-0.1047,1.2784,0.0177,120,0,30.3
2017-03-14 20:41:08:710,-0.1127,1.1834,0.0256,120,0,30.3
2017-03-14 20:41:08:720,-0.1449,1.1280,0.0098,120,0,30.3
2017-03-14 20:41:08:730,-0.1449,1.0568,-0.0060,120,0,30.3
2017-03-14 20:41:08:740,-0.1690,0.9777,-0.0376,120,0,30.3
2017-03-14 20:41:08:750,-0.1208,0.8511,-0.0613,120,0,30.3
2017-03-14 20:41:08:760,-0.1288,0.7878,-0.0692,120,0,30.3
2017-03-14 20:41:08:770,-0.1368,0.7166,-0.0929,120,0,30.3
2017-03-14 20:41:08:780,-0.1368,0.6928,-0.1166,120,0,30.3
2017-03-14 20:41:08:790,-0.1449,0.6374,-0.1719,120,0,30.3
2017-03-14 20:41:08:800,-0.1529,0.6216,-0.1403,120,0,30.3
2017-03-14 20:41:08:810,-0.1610,0.6137,-0.1403,120,0,30.3
2017-03-14 20:41:08:820,-0.1771,0.6454,-0.1324,120,0,30.3
2017-03-14 20:41:08:830,-0.1610,0.6691,-0.1245,120,0,30.3
2017-03-14 20:41:08:840,-0.1690,0.7799,-0.1482,120,0,30.3
2017-03-14 20:41:08:850,-0.1610,0.8748,-0.1403,120,0,30.3
2017-03-14 20:41:08:860,-0.1288,0.9539,-0.1245,120,0,30.3
2017-03-14 20:41:08:870,-0.1047,1.0252,-0.1166,120,0,30.3
2017-03-14 20:41:08:880,-0.0966,1.1280,-0.1324,120,0,30.3
2017-03-14 20:41:08:890,-0.0645,1.1597,-0.1087,120,0,30.3
2017-03-14 20:41:08:900,-0.0564,1.1439,-0.1087,120,0,30.3
2017-03-14 20:41:08:910,-0.0484,1.1280,-0.1166,120,0,30.3
2017-03-14 20:41:08:920,-0.0564,1.0726,-0.1324,120,0,30.3
2017-03-14 20:41:08:930,-0.0484,1.0252,-0.1403,120,0,30.3
2017-03-14 20:41:08:940,-0.0806,1.0093,-0.1324,120,0,30.3
2017-03-14 20:41:08:950,-0.0966,0.9777,-0.1008,120,0,30.3
2017-03-14 20:41:08:960,-0.1208,0.9856,-0.1403,120,0,30.3
2017-03-14 20:41:08:970,-0.1368,0.9144,-0.1403,120,0,30.3
2017-03-14 20:41:08:980,-0.1610,0.9065,-0.1482,120,0,30.3
2017-03-14 20:41:08:990,-0.1368,0.8748,-0.1087,120,0,30.3
2017-03-14 20:41:09:000,-0.1368,0.8669,-0.1324,120,0,30.3
